<PAMDataset>
  <Metadata />
  <Metadata domain="Esri">
    <MDI key="PyramidResamplingType">NEAREST</MDI>
  </Metadata>
  <PAMRasterBand band="1">
    <Histograms>
      <HistItem>
        <HistMin>-0.5</HistMin>
        <HistMax>48.5</HistMax>
        <BucketCount>49</BucketCount>
        <IncludeOutOfRange>1</IncludeOutOfRange>
        <Approximate>0</Approximate>
        <HistCounts>28|28|18|31|372|56|2881|35|131|147|34|744|25|173|160|18|28|555|644|23|115|371|235|104|67|25|65|26|17|1036|49|83|121|692|150|16|140|349|121|55|26|26|4|1|2|2|1|1|1</HistCounts>
      </HistItem>
    </Histograms>
    <Metadata>
      <MDI key="RepresentationType">ATHEMATIC</MDI>
      <MDI key="STATISTICS_MINIMUM">0</MDI>
      <MDI key="STATISTICS_MAXIMUM">48</MDI>
      <MDI key="STATISTICS_MEAN">17.330841307815</MDI>
      <MDI key="STATISTICS_STDDEV">11.239824706183</MDI>
      <MDI key="STATISTICS_SKIPFACTORX">1</MDI>
      <MDI key="STATISTICS_SKIPFACTORY">1</MDI>
      <MDI key="STATISTICS_COVARIANCES">126.333659425717</MDI>
    </Metadata>
  </PAMRasterBand>
</PAMDataset>
