<PAMDataset>
  <Metadata />
  <Metadata domain="Esri">
    <MDI key="PyramidResamplingType">NEAREST</MDI>
  </Metadata>
  <PAMRasterBand band="1">
    <Histograms>
      <HistItem>
        <HistMin>-0.5</HistMin>
        <HistMax>37.5</HistMax>
        <BucketCount>38</BucketCount>
        <IncludeOutOfRange>1</IncludeOutOfRange>
        <Approximate>0</Approximate>
        <HistCounts>21|14|308|21|70|27|22|48|58|63|1132|342|63|206|18|170|23|22|495|30|375|25|196|25|30|17|229|57|52|70|55|32|14|4|2|2|1|1</HistCounts>
      </HistItem>
    </Histograms>
    <Metadata>
      <MDI key="RepresentationType">ATHEMATIC</MDI>
      <MDI key="STATISTICS_MINIMUM">0</MDI>
      <MDI key="STATISTICS_MAXIMUM">37</MDI>
      <MDI key="STATISTICS_MEAN">14.427649769585</MDI>
      <MDI key="STATISTICS_STDDEV">7.3573752613928</MDI>
      <MDI key="STATISTICS_SKIPFACTORX">1</MDI>
      <MDI key="STATISTICS_SKIPFACTORY">1</MDI>
      <MDI key="STATISTICS_COVARIANCES">54.1309707369555</MDI>
    </Metadata>
  </PAMRasterBand>
</PAMDataset>
