<PAMDataset>
  <Metadata />
  <Metadata domain="Esri">
    <MDI key="PyramidResamplingType">NEAREST</MDI>
  </Metadata>
  <PAMRasterBand band="1">
    <Histograms>
      <HistItem>
        <HistMin>-0.5</HistMin>
        <HistMax>43.5</HistMax>
        <BucketCount>44</BucketCount>
        <IncludeOutOfRange>1</IncludeOutOfRange>
        <Approximate>0</Approximate>
        <HistCounts>30|308|152|27|23|48|56|1352|35|20|427|65|38|18|273|172|23|28|11|498|23|371|131|53|49|219|123|72|25|31|26|17|232|339|136|130|55|32|14|4|2|2|1|1</HistCounts>
      </HistItem>
    </Histograms>
    <Metadata>
      <MDI key="RepresentationType">ATHEMATIC</MDI>
      <MDI key="STATISTICS_MINIMUM">0</MDI>
      <MDI key="STATISTICS_MAXIMUM">43</MDI>
      <MDI key="STATISTICS_MEAN">16.303759662684</MDI>
      <MDI key="STATISTICS_STDDEV">10.568265918138</MDI>
      <MDI key="STATISTICS_SKIPFACTORX">1</MDI>
      <MDI key="STATISTICS_SKIPFACTORY">1</MDI>
      <MDI key="STATISTICS_COVARIANCES">111.688244516468</MDI>
    </Metadata>
  </PAMRasterBand>
</PAMDataset>
