<PAMDataset>
  <Metadata />
  <Metadata domain="Esri">
    <MDI key="PyramidResamplingType">NEAREST</MDI>
  </Metadata>
  <PAMRasterBand band="1">
    <Histograms>
      <HistItem>
        <HistMin>-0.5</HistMin>
        <HistMax>47.5</HistMax>
        <BucketCount>48</BucketCount>
        <IncludeOutOfRange>1</IncludeOutOfRange>
        <Approximate>0</Approximate>
        <HistCounts>21|14|308|21|70|27|22|48|57|64|1152|18|132|144|34|725|18|23|195|30|273|495|23|440|64|31|193|100|61|24|92|22|17|66|1002|48|144|135|21|38|55|32|17|2|2|0|1|1</HistCounts>
      </HistItem>
    </Histograms>
    <Metadata>
      <MDI key="RepresentationType">ATHEMATIC</MDI>
      <MDI key="STATISTICS_MINIMUM">0</MDI>
      <MDI key="STATISTICS_MAXIMUM">47</MDI>
      <MDI key="STATISTICS_MEAN">20.188592456302</MDI>
      <MDI key="STATISTICS_STDDEV">10.546513993318</MDI>
      <MDI key="STATISTICS_SKIPFACTORX">1</MDI>
      <MDI key="STATISTICS_SKIPFACTORY">1</MDI>
      <MDI key="STATISTICS_COVARIANCES">111.228957411248</MDI>
    </Metadata>
  </PAMRasterBand>
</PAMDataset>
