"","PC1","PC2","PC3","PC4","PC5","PC6","PC7","PC8"
"etort-1",0.00662595480845764,0.0947874375237771,-0.0940040324272206,-0.150190452699657,-0.060567868318995,-0.0201451573403125,0.0449580062012539,-0.00321603551483826
"etort-2",-0.0884935242233027,0.0911479240523267,0.129710617333918,0.0297708671171868,0.0175764941036271,0.00338214979337525,0.0186931085220247,0.0552094873781308
"etort-3",-0.091278398829732,0.0978279080910776,-0.0410339713698529,0.0053583087603099,0.174279429724467,-0.00950431937857114,-0.0225939441227622,0.0870844503464366
"etort-4",-0.0943522390466779,0.078786802892536,0.00681195606100668,0.00671398400643327,0.2523375571997,-0.0705897287453121,0.0135646299308871,0.00832075980826377
"etort-5",-0.0790529647624157,-0.0838035209463773,-0.0481173842049067,-0.0133795570369497,0.0998314064926235,-0.0266719416885232,0.0156339016577338,0.0463313830965407
"etort-6",-0.0570279878758553,-0.12549401544429,-0.0255271098834169,-0.0278284502545607,-0.00992227834382022,0.00177589634365648,0.00575625341897426,0.0273446986755928
"etort-7",-0.0103650698608355,-0.103160890510885,0.00303270842089454,-0.0812481647559976,-0.0109374472784054,0.0509498841175764,-0.051531505774764,0.0857429327458097
"etort-8",-0.0368011379816596,-0.11880128285216,-0.0126237702444276,-0.0475082868054345,-0.0439169262723626,0.0949426437826262,-0.0685892522390381,0.164341929781281
"etort-9",-0.0822795689013515,-0.152525378293406,-0.0198079653644231,-0.00477079007532735,-0.0104536626621374,-0.0530324486996441,0.0606505478902679,-0.0414454561277407
"etort-10",-0.0840839113680101,0.129912658990258,-0.187837352560717,-0.026773182083827,-0.0850694952467419,0.0990878290391064,0.0139442005324867,-0.0495103155998867
"etort-11",-0.0748830407292959,0.124495603518383,-0.20979010032463,-0.0240596208825323,-0.118459406087701,0.0843780981715118,-0.00447413348704437,-0.048559307229983
"etort-12",0.0276106247721265,-0.0105520993431654,-0.0435006514050005,-0.083465039155767,-0.0672551699175635,-0.0784573424127641,-0.051347203667929,0.046040412496807
"etort-13",-0.0916227907385363,0.0785641666159911,0.0886124125570715,0.015699073841626,0.190039008043258,-0.0316316930247487,-0.027609793541332,-0.0617960112828186
"etort-14",-0.0916142644721384,0.0947741010541319,0.148203263358417,0.0253829776914471,0.0175080496134256,-0.0230161863612482,-0.0749786466279854,0.0122277516909465
"etort-15",0.0856330861080613,0.0209834172013806,0.045311059649913,-0.186015769679958,0.0133205906540849,0.0314407608739635,-0.0248437646688341,0.0148887060533468
"etort-16",-0.0767378087653016,-0.007599005154589,-0.0559986177564359,-0.0105221650171542,0.033275310512398,-0.0366204923567305,0.0327401920596881,0.0339299072408368
"etort-17",0.0932864861854769,0.0430271493999582,0.0605142490057972,-0.295519182219134,0.0554942840922887,0.0771413598972853,0.0206665973975998,-0.0539157923470705
"etort-18",-0.0899714192046379,0.0908395882535125,-0.128187889324012,-0.0133589495927204,0.090042197160255,0.0529480205224515,0.0203323798169665,0.0250323646622351
"etort-19",-0.0953783520513414,0.0861835404816737,0.0262277735669557,0.0139890762536206,0.199711854639674,-0.00474569920497092,-0.0378280195242741,0.0423254534784468
"etort-20",-0.0979865136464188,0.0966865028046199,0.050405443065621,0.0149415691749166,0.179935309055144,-0.0454272588725982,0.0520716585931614,-0.0155245886159697
"etort-21",-0.0833247341194571,0.119238870829097,-0.176970159289686,-0.0207215604979697,-0.0542852306277874,0.121607281377612,-0.037367912926456,-0.0328290218170092
"etort-22",-0.0819084549591075,0.116697125594118,-0.190039708619873,-0.0209367183097977,-0.1006019924144,0.0980913685716681,-0.000983129474747935,0.0368288534459125
"etort-23",-0.0699190084655031,0.0945568925223086,-0.174232299272224,-0.00542138509295183,-0.12681201566528,0.0519754328729849,-0.00848459563988127,0.0275166115504091
"etort-24",-0.0705820066317014,0.103894099820509,-0.194028950415449,0.00614269976718062,-0.11219205730787,-0.0162318211913333,0.0486490050327962,-0.023163829040725
"etort-25",-0.0765840782641957,0.107830494136158,-0.179238156753594,-0.0169635820303146,-0.104070816792928,0.0221580378453677,0.0285256288278648,-0.00580015347175848
"etort-26",-0.0797463115593228,-0.142995951666693,-0.00395532979083389,-0.0246478276767564,0.0405894808039044,-0.00769663160096975,0.0348452153079338,-0.0514678247826349
"etort-27",-0.0817441223328829,0.129097255193471,-0.176759410005135,-0.0160786558433403,-0.0573102801724756,0.0964049687214625,0.00783208722541998,-0.0406391620181885
"etort-28",-0.0806238294213767,0.1061737221045,-0.185682805924009,-0.0258976371924529,-0.106801791298985,0.0855446202857369,-0.0205926618909998,-0.0109984298774605
"etort-30",0.0202485022291773,-0.0748095932700225,-0.00574289148661452,-0.0747214874825775,0.0461025252735233,0.129506454723694,-0.0562886613404271,0.152616291410438
"etort-31",0.0989788211342685,0.0385661370297682,0.0500087819724272,-0.265941351656987,0.0461802360550163,0.0452811101164482,0.00955073270365622,-0.0195305297424526
"etort-32",-0.0416492570539619,-0.123198175926599,-0.0151073126870422,-0.0497075882962537,0.00370715585919248,0.072689711810838,-0.065145165851959,0.121924496386542
"etort-33",-0.0767059932343812,-0.157264398643179,-0.022775796357904,-0.0085142125377536,-0.0389248699143487,0.00834287297809836,0.0285983985100265,0.00762121290434503
"etort-34",-0.08145892537112,-0.160739982059447,-0.00964754572873052,-0.00499734161382377,0.0382521648332699,-0.0171425035259252,0.0202669064248147,-0.0645340420172633
"etort-35",-0.0236075434564718,-0.100969203960337,-0.0146633602636678,-0.0978373604471901,-0.00779103918505914,0.0830065972913227,0.0256023466144469,0.171843996147977
"etort-36",0.0712306930279349,0.0380837394181685,-0.000580893981214529,-0.168405601804958,-0.0253040661691033,-0.125571392099099,0.01377566080336,0.0214337617328797
"etort-37",0.0959668204111072,0.0353674786455042,0.023742799455415,-0.199860231848039,-0.000174586655284211,-0.0789551273399719,0.0115971377252937,-0.038320115150112
"etort-38",0.0949617442310421,0.0334186342647787,0.0492411388442898,-0.273585702238863,0.0551630134021907,0.0608014430013211,0.0144459100145543,-0.0332821588368668
"etort-39",-0.0810121898475132,-0.163262086125823,0.00428329898145404,-0.0183634573083381,-0.0151381933556676,0.0144678496385843,-0.0178192769900165,-0.0550128181984643
"etort-40",-0.083361640715336,-0.154727025113365,-0.0318389399491396,-0.0190329842476844,-0.0396237737981308,-0.0276365835170776,-0.0122183152553382,0.0316321776816668
"etort-41",-0.0745029734551904,-0.151214893451039,-0.0165664119145713,-0.00888036842165845,-0.00569562947542558,0.0181368248246898,0.0147975484249375,0.03298057446263
"etort-42",-0.0574640963716501,-0.138518442023511,-0.0108732935151945,-0.0408531319354062,0.0111688460974911,0.0846333077528146,0.00115536084762719,-0.00778437584719237
"etort-43",-0.068895031927581,-0.153686699497293,-0.0154493997062088,-0.0153603698491931,-0.0239715319408064,-0.0217194925249494,-0.00844057762933866,0.0476705363012104
"etort-44",-0.0709937790250716,-0.139353120873004,-0.024242649362816,-0.0230640929889527,-0.00913444804228777,-0.0074272141467065,-0.0484066250745209,0.0220025109434463
"etort-45",-0.0715095018692831,-0.147695814289911,-0.0168114708396902,-0.0137096981399462,-0.0300879008280636,-0.0145276272872888,-0.0628350919595011,0.0292268336078473
"etort-46",0.0549317676140724,-0.0141649451263984,-0.0150884677902717,0.0472981437541544,-0.0164205410071283,0.00962744953256229,-0.0339755745363484,-0.0180075232905016
"etort-47",0.0589961720759476,-0.00220252121530296,-0.0241975453519993,0.0615667674858683,0.00290927014196137,-0.0179927316400231,-0.0163023895458284,-0.00573518139799641
"etort-48",0.0529557212517097,0.00116836824919214,-0.0207127904861171,0.0843800178582909,-0.0206666866474323,-0.0513848724834783,-0.0246622444391386,0.0522196302683913
"etort-49",0.0352399680302988,0.0233367321371166,-0.0417527197686351,0.00429887300709081,-0.0575737412252069,-0.1870673407681,0.0200875556822933,0.0113862228236739
"etort-50",0.00529982547570211,-0.0101610584311705,-0.0336284715194756,0.0412275031520526,-0.0429087494607397,-0.221580214453167,-0.0552216564951322,0.0634004500378742
"etort-51",0.0189603418677523,-0.0108284335012946,-0.0392257848193936,0.0204608430440949,-0.0269063727748519,-0.146976392905232,0.00573720719643308,0.0339615918307901
"etort-52",-0.0725998875586296,-0.138438879483127,-0.0342686240069241,-0.0250449526927637,-0.0437229733652782,0.0276585042365154,-0.0137159242864861,0.0611123374950277
"etort-53",0.0933841155488729,0.0318902239215025,0.0442212942276839,-0.211357071773992,0.0249189203590433,0.0754070441607377,-0.0214060424960006,-0.00203605619445401
"etort-54",-0.0701792296508035,-0.134893860107689,-0.010360525571082,-0.00973664632379743,-0.010406247987145,-0.037685105718311,-0.033941516918694,0.0635219256906376
"etort-55",0.0570732434472316,-0.00689935264394693,-0.0145446881714182,0.102821790663925,0.0081076380975252,-0.0103726647609683,0.0257636519567944,-0.00207557594614774
"etort-56",0.0583861301079354,0.0345121883779515,-0.0185863522466886,-0.042674788461858,-0.071052815611249,-0.179896481224159,-0.033285711132708,-0.044469549559285
"etort-57",-0.0821861364692763,0.0571544986082181,0.147321508808106,0.0108428097481559,-0.00822089237895672,0.00324345002979901,0.00956165604603754,0.0110831958055766
"etort-58",0.0977776814270466,0.026341971189191,0.046693132285766,-0.252491775813779,0.0265133619371745,0.0167019094940895,0.00312739896368281,-0.0292634962981709
"etort-59",0.0262771443328319,-0.0442233047736774,0.00212724569496637,-0.0947293423051586,0.0138410923724258,0.063798886747724,-0.00885731655342169,0.134105293381899
"etort-60",-0.0871914498276596,0.0909376331699667,-0.0706453274509251,-0.000720974594494916,0.107153429730157,-0.00976659783786904,-0.0168644130490392,0.055936270752519
"etort-61",-0.0929854067485366,0.056296639557918,0.117066878145131,0.0111380275355269,-0.0025361151750535,-0.017461714391815,-0.0138377127149977,-0.0208479464457617
"etort-62",0.0614761753071184,-0.0166155047304724,0.0233036276591997,-0.14279933181802,0.0161393778789832,0.0414753210016438,-0.0265576722498022,0.011515779905975
"etort-63",-0.0955330792241098,0.0744115141731549,0.0245009440863134,0.0199877921256022,0.147030995239557,-0.0327916388879466,-0.00312710842599791,-0.0140092671118818
"etort-64",-0.0884774458234084,0.0986181456249061,-0.0327192932962015,0.00156891090271844,0.134310514154168,-0.0141233064685012,0.00108778228075404,-0.0201114640181609
"etort-65",-0.0909654114693368,0.0810281371089875,0.0561976816749892,0.0148009384571338,0.133826869047759,-0.0329555877547621,-0.0358466751039887,-0.0122721825691917
"etort-66",-0.0815037568205804,0.0900990051905134,-0.0953424010034706,0.000337976407545018,0.0260118503515194,0.0197249641198263,-0.0324126126304555,-0.0249703331290399
"etort-67",-0.0932367596642675,0.0775690132959352,-0.0175930394980396,0.0133602934074457,0.116970086814967,-0.0101089395417109,0.00849240922988952,0.0157866385564421
"etort-68",-0.0811669378144004,0.0688091465406213,-0.0222568151954667,0.000818991457141118,0.151813534512851,-0.0109844208283407,-0.00640827529630295,0.0415955075435511
"etort-69",-0.0886200996705039,0.082571272908461,-0.0607788660779164,-0.00853045634273092,0.102521207730161,0.0153360186719049,0.00600190094987219,0.0212464498286313
"etort-70",-0.0378393594462996,0.0539384242257984,-0.0942134879093607,0.0183489210288161,-0.0406611717066317,-0.0862282988794786,0.00141638405306372,0.0368110821076016
"etort-71",-0.0845440142189315,0.0582845680922475,0.152199331285389,0.0257506127712668,-0.0454693106972435,0.000467645542971481,-0.0310534909667071,-0.0377067675026861
"etort-72",-0.0834895832241386,0.0572468468974321,0.162588581623998,0.0138663491232166,-0.0729320845685244,0.0167607141082743,-0.0343433109073724,-0.0272021647130279
"etort-73",-0.0880791931178462,0.050225163337706,0.0345455968854004,-0.00337106783388633,0.189438344060735,-0.0909255597282307,0.0311682347592095,-0.0500233885408068
"etort-74",-0.0901093779746319,0.0725178470101861,-0.0556046883717019,0.00616539036936533,0.0727189502911934,0.0312039939054387,-0.0164653951900389,0.00696819077789067
"etort-75",0.0309183466055237,0.00268519588788087,-0.0434940418641947,0.0101993666997199,-0.0446366227128463,-0.210142842668415,-0.0293690855109897,0.0749037657647747
"etort-76",0.0191802852825492,0.0152819568803827,-0.0459247560612562,0.0290926612717298,-0.0616968866446844,-0.180681920702086,-0.021347441504197,0.0281988985472526
"etort-77",-0.075496394962371,-0.109370514901975,-0.0242753559277799,-0.000475503977483813,-0.00796079944584367,0.0134973343979472,-0.000805584152551411,0.0615070998341131
"etort-78",0.0919075336445892,0.0334560513757242,0.0402747672021403,-0.211530150395866,0.00186199120400384,-0.0573750386801357,-0.00181514919627379,-0.0351211965385956
"etort-79",0.0707935796942969,0.0325041137401885,-0.00351709436408727,-0.101937120997064,-0.0310602289760493,-0.160591067981215,-0.0251669011243455,-0.0711416391651558
"etort-80",0.074473786495063,0.0196574605425573,-0.00970173308721764,-0.0990633946508533,-0.0546500190940954,-0.180584979661874,0.0165925670711211,-0.0232018710952922
"etort-81",0.0590580420684975,-0.0109710085617319,-0.00754653651358869,0.10502568630159,-0.018812434552481,0.00592292257036394,0.0602403274909912,0.00620187354026468
"etort-82",0.0695514948396872,-0.00595184821732718,0.00118020189258424,0.0562924742633502,0.0160203290892673,0.0166684592276575,-0.00490657592061435,-0.0114915665849724
"etort-83",0.0629121702116127,-0.00387915100195256,-0.0083637372745925,0.072286101011744,0.0163373664255966,-0.0152181510283567,0.00902825791356607,0.0239855814134252
"etort-84",0.0632174551562348,-0.0214312909002616,0.00360059945525395,0.0700005633137762,-0.0246977917540339,0.00152381298690821,0.0187667044629147,0.00193530890689613
"etort-85",0.0586884357476012,-0.00560107042366791,0.00411470718242299,0.0731035792562445,-0.00803637715982438,-0.00369142627337745,-0.020852926725122,-0.00658603279396913
"etort-86",0.09288292666747,0.0348027338384417,0.0607767633077024,-0.291000301264513,0.0623360090159672,0.0681409111398976,0.0101088094726621,-0.00176154882390117
"etort-87",0.074288637763254,0.0357135768314978,0.00223415441240982,-0.105980325978354,-0.0526593729814876,-0.178668778002635,0.016385093396571,-0.0527828438128493
"etort-88",0.0167912860093567,-0.00916728609832979,-0.0478675373210414,0.0351954089750196,-0.0381913219308505,-0.298037476097068,0.0495603957384523,0.0219507735747264
"etort-89",0.0585887730942491,-0.0129631085310025,-0.00860485357968222,0.0497003567111691,-0.0149894745389899,-0.0549666680405106,0.00213586791068307,0.00165371193725896
"etort-90",0.0731509005479795,-0.00641629003072633,0.00459641946590247,0.0779811132146449,0.00612619178322704,0.00373049896512858,0.0307231738975739,-0.0182981597495687
"etort-91",0.0145749226044509,0.00202936241232594,-0.052662063606469,0.0331479079510463,-0.0619095911528259,-0.268061312356106,0.00175766626281853,0.0263873517904765
"etort-92",0.0284984915104146,0.0224976343669093,-0.0585260685730864,0.00173729860478156,-0.0552201434084613,-0.263051170730489,-0.00213492752345685,0.00671793437462583
"etort-93",0.0691690998394067,0.0161110126780065,-0.00435519926736578,-0.0910870625463106,-0.0438524294559547,-0.113524783882921,-0.0141853642003001,-0.0948956514009427
"etort-94",0.0565057721732106,0.0230349871477347,-0.0350945022330975,-0.00491187716766336,-0.0340684136725512,-0.207823857504995,0.0321465130924619,-0.00799330044836508
"etort-95",0.0845224287709597,-0.000374457910400355,0.0238778101303392,-0.0747023624983039,0.0010997761357676,0.00873260196237051,-0.0159944970175358,-0.0061027907155343
"etort-96",-0.0750043350861656,-0.127297721566168,-0.0326796077117891,0.00104249319811281,-0.0267372252652027,-0.0138881632464977,-0.000553869625321052,0.0164336142767507
"etort-97",-0.0722675938989115,-0.126180652381709,0.0103239446921805,0.000131448027136976,-0.00195644521598479,-0.00313148667408621,-0.0143360833340945,-0.0202602428705369
"etort-98",-0.0841374069761837,-0.140288769093231,-0.0209416800193451,-0.00689402668738984,0.000146035544412152,-0.0163379975769855,0.0058168411417293,-0.00667223483725422
"etort-99",-0.0768546762721922,-0.144474703468219,-0.0164947875365485,-0.0121494842585971,0.0130670918040777,-0.00041500552941064,0.0189093163244888,-0.0407031894952324
"etort-100",-0.0830024260848879,-0.124966105174177,-0.00781735210845405,-0.00278822474407816,0.0136818210831556,9.87213344967856e-06,0.00731849705507355,-0.0469201603570805
"etort-102",-0.0717535172393561,-0.140447304565392,-0.0152833050769257,-0.020286186787127,-0.00641916693205271,0.0566429294092982,0.141568085523603,-0.728549385452773
"etort-103",-0.0697252346758999,-0.138917402028628,-0.0112372451099877,-0.0261222668945765,0.0398273363199626,0.0833515603007507,0.0555378724024095,0.0238802725100907
"etort-104",-0.0702880590689577,-0.147547947523194,-0.0204968964984273,-0.0221907513563076,-0.030804441070149,-0.0098864129015141,0.0686232612793869,0.0341518657857843
"etort-105",-0.0754642604962575,-0.144129328180245,-0.0148583237398969,-0.000861119159299746,0.0413532634134562,-0.0423064710304081,-0.0961216023954127,-0.154598674359392
"etort-106",-0.0823370904607999,0.0844436240969242,0.219756691806993,0.037923361202992,-0.170205694205063,0.0396042327196267,0.044734269666202,-0.0364604525496515
"etort-107",-0.074510561471091,0.0650950760508172,0.204821209836873,-0.0163512268504988,-0.273634303974759,0.0320992628528504,0.784012029897338,0.180570424268259
"etort-108",-0.0759603292171279,0.0596617734727496,0.201889924849945,-0.000652580057122537,-0.400604019780688,0.0650044714325734,-0.3702260869876,-0.216718420258998
"etort-109",-0.0786930386789987,0.071472999806975,0.186093642884605,0.0155641798068667,-0.23578592442376,0.0145229583646166,-0.310822960663943,0.253748368521151
"etort-110",-0.090151478975073,0.048532552201863,0.171139757157186,0.0248898465662951,-0.0909310044115335,0.0291524242059047,-0.0157610498294974,0.00380487586352198
"etort-111",-0.0899034569463041,0.0579802160666461,0.181241539425367,0.0252520425129511,-0.107708336200062,0.0443515601492425,0.0261727481499472,-0.017449142568077
"etort-112",0.0387137431979607,-0.0381174158077638,0.0194096629712796,-0.090230971479558,0.0282388485123634,0.0395495294047447,-0.0088026908425984,0.07074951212241
"etort-113",0.0316352566556851,-0.0594727428551153,0.0245449401191882,-0.077006657162863,0.010174064726565,0.0632728283247545,-0.0320787667314127,0.0923449326276197
"etort-115",-0.0755514979700791,-0.13450459749893,-0.0137589416715411,0.00742733735883047,-0.00493749215121486,-0.00977637742367677,0.00687829376598646,0.00648255437585859
"etort-116",-0.0734699617086399,-0.139637601775809,-0.0195137361231009,-0.0104154667446727,-0.050291922037551,0.0147952077113305,0.0287624478369234,-0.0151727392409927
"etort-117",-0.0661614729794876,-0.138440293680903,-0.0139320975503794,-0.0212749557207275,-0.0114536031208649,-0.00969572203934842,0.0175988295395972,0.010792430494
"etort-119",-0.0853853876700983,0.129092439041977,-0.206597196579556,-0.0267450004952591,-0.101091826102966,0.112342209048264,0.00579882633851069,-0.028195055175077
"etort-120",-0.0816296139250641,0.120121255226644,-0.163993936716355,-0.0229846374822471,-0.117926212520131,0.0610468062714841,0.0218637628445255,-0.00890799306993344
"etort-121",-0.0923215700903281,0.0787888687063403,0.11019738992116,0.0205192740512406,0.0472608199284498,-0.0176090329737002,0.0475847722620443,-0.0429826819800077
"etort-122",-0.0903717739294963,0.0594322473372615,0.0402736563351834,0.00724524286370108,0.167874248640326,-0.0160075434518442,-0.0102771650085932,-0.0112328523218819
"etort-123",-0.0923842491365315,0.056156898291509,0.142915822614547,0.00666779660157044,-0.00675420089878928,-0.00417627315074138,-0.0322617245221911,-0.0334217842066402
"etort-124",-0.0934740984037675,0.0513339021299104,0.0951961355762491,0.0330443800421196,0.0701392759949486,-0.041623482988866,-0.0210709997139693,-0.0175503124946745
"etort-125",-0.0912506378182022,0.0407754454382827,0.0691709425761104,0.015915523012247,0.0787464672272937,-0.0477453323806523,-0.00651867247366043,0.0641166899029293
"etort-126",-0.0918236888094739,0.0608102304218541,0.143746238758967,0.0287892318832655,0.0515347757748098,-0.0302758152203273,-0.0203376334607244,-0.00668488862876969
"etort-127",-0.0961202059853241,0.0690369735511288,0.091811023722015,0.00287110861174446,0.038848200939852,-0.0237178442179389,0.00361629833099291,-0.0283458759977213
"etort-128",-0.0916989954634418,0.0677607508332798,0.131285446014816,0.0168653800810146,-0.0320616974645801,0.0265272628488839,0.0231429096693124,0.00346176874311608
"etort-129",-0.0886784246208467,0.0557536016694884,0.176252625786466,0.0279773092735071,-0.114771886580559,0.00272304118102401,-0.0447351226133233,-0.0281487728180086
"etort-130",0.0595817434153991,0.000148478729766885,-0.0180677800521639,0.0694999915353816,0.00071262508571526,-0.00481048275278418,0.00367675212448403,0.0175251828693325
"etort-131",0.0761979379377117,0.0113300997255858,0.00266009353444934,0.0354386426769963,-0.00430699252467165,0.0201175323991062,-0.0188779183807707,-0.0137217776705156
"etort-132",0.0761369268399709,0.00296782714630758,-0.00179478087086097,0.0495523111838404,0.0133265631883506,0.0164000223437018,-0.00973507358423416,0.00861872086589505
"etort-133",0.0585698824745588,-0.00716155584903636,-0.00876248384699687,0.0621962632663808,-0.00581327762298442,0.0113605389210035,0.002797111446152,-0.00926038248161633
"etort-134",0.0734731635878232,0.0122233289008454,0.00220664626381126,0.0656932671464717,0.00971272551013077,-0.00451592550531311,0.00564023948155276,-0.0257003174000751
"etort-135",0.0828319005655718,0.0104161525843104,-0.0147260853039652,0.0538640595030434,-0.0218396696835416,-0.0163534448430786,-0.00644229440900928,0.0224584415251015
"etort-136",0.0771723516181397,0.00109372914552092,0.0042056561544013,0.0555435841952789,0.0392402818035908,0.0224809049111298,0.00225336327599828,-0.0056254858702238
"etort-137",0.0642896699970245,0.00926225381097679,-0.00702167720883093,0.0460857231817055,-0.00800172389048053,-0.0198602264632144,-0.0229058153951487,-0.00448632495282851
"etort-138",0.0725989398980887,0.000872998784982663,0.00278031981476705,0.0604751510268107,0.00412536806696788,0.021587863134503,0.0180984934270204,0.00707427137328546
"etort-139",0.064996885680656,0.00109634050711474,-0.0085578760927303,0.031660447499664,0.0141950676752037,9.49298725180153e-05,-0.0327495794375296,-0.00626393047733201
"etort-140",0.0921231818011318,0.00497053597657614,0.0113658305206549,0.0366291005240587,0.00359670409991466,0.0357368580648156,0.00507291556435231,-0.0527144824951855
"etort-141",0.0822044837609034,0.000550878475266368,-0.0015378385642207,0.0199673349110773,-0.00164560906088292,0.0119758706500087,0.0069631628525883,0.0015150279215865
"etort-142",0.0637096407120322,0.018685646720558,-0.0119675306455307,0.00834955900445014,0.0164754330339785,0.0550049679061601,-0.023745759313663,0.0286446415870378
"etort-143",0.0790978931289821,0.00441519826983129,-0.00151510001841416,0.0521928686148133,0.0139777177641698,0.0575893261584488,0.0169621958401555,0.0370551722119467
"etort-144",0.0646400335809214,-0.011477803373009,0.00830538520713594,0.0520955850958785,0.0273908932497942,0.0298810893946361,-0.00293137817191126,0.0179742981902808
"etort-145",0.0769844117108461,-0.00288109436944054,0.00536276460598991,0.0712939968413856,-0.000548841698099144,-0.0138323774480531,0.034061362143994,-0.0451594086881729
"etort-146",0.0764866461261875,0.0153788016811076,-0.00530430225609462,0.0283447095300804,-0.0114708437055915,-0.024563976565264,-0.0168355125251242,-0.0124152669223293
"etort-147",0.0760969707703879,-0.00162597381328584,0.0095932861918646,0.0897313549005846,0.0134533689537421,0.006186340744945,0.0401167426161196,0.00682954995433374
"etort-148",0.0376866595699807,0.00985728644804496,-0.00846719243334481,0.0713026709622675,-0.0034208371726744,0.0443099441290673,-0.0231122807091282,0.0155887253021653
"etort-149",0.0714872528068118,0.00242619155296136,-0.00999060471310577,0.0890068801557043,0.0069488566188389,0.0232974892864232,0.00782318334843064,-0.0166067682013496
"etort-150",0.0712905983555218,-0.0075634629915117,0.00134433116189476,0.0861037764923958,0.00810584232496464,0.0221621518819901,-0.000124827327697472,-0.00771435367099775
"etort-151",0.0737300841470478,0.00333021227839145,0.0155184609926333,0.0606360547146424,0.00966739990380893,0.0529461802998621,0.0121827243590484,-0.0114641466394905
"etort-152",0.052783196066545,-0.018963261591234,-0.0159125265278303,0.0588624886122911,0.0155862637098995,-0.0266401897441068,-0.00383541154114124,-0.0086756064892518
"etort-153",0.067448291233209,-0.00660380169658004,-0.00278979987119605,0.0551512373323309,0.00795612935933384,-0.00933496452045599,0.00518930977495567,-0.0259664673802896
"etort-154",0.0564676151358987,-0.0262845395380991,0.00106468679780851,0.046861372288563,-0.00326419274493699,0.0571724257801976,0.0115471326800522,0.0227017966301794
"etort-155",0.0721370109755781,-0.000117220087520269,-0.00339302050500956,0.0339740258896391,0.022244879470305,0.0349043052579101,-0.0262696822719846,-0.0162952867180663
"etort-156",0.0845132049463143,0.0148869241196026,0.00979014211985748,0.00551213750018813,0.0114040203561334,0.0660207511469382,0.00607413903125319,-0.00041934921256926
"etort-157",0.0625129711386891,-0.00683566844955068,-0.00894217029563394,0.0417572595678875,0.000633513510411442,-0.00882032531893769,-0.0352706637694763,0.0291760339729622
"etort-158",0.0453220645170962,0.00576949166683936,0.0081450223083943,0.0658753487149682,0.0273539739460423,0.00562550095035793,0.0137648228045781,-0.0237777670110683
"etort-159",0.0559671010148957,0.00717758519440471,-0.0120391751038707,0.0414050917991584,-0.0100741213935061,-0.0751489014976354,0.00430499062891696,-0.00285691836166825
"etort-161",0.0679099387102487,-0.00394726813555672,-0.00749747425035601,0.0793858455709933,0.00273427992426077,0.0250187908433853,0.00957619014882833,0.0111375542839738
"etort-162",0.0722409651042194,-0.00167039836484429,-0.00425946939008684,0.0623982402850638,0.00328204054428102,-0.0397849441196797,-0.00503110082781785,0.016327721057456
"etort-163",0.0784823723725702,0.00550114860759591,0.0143932770105604,0.0454141078631245,0.0177646529146686,0.0251362223334556,0.0422153506621983,-0.0188766037280335
"etort-164",0.0770906162027922,-0.00268535865907794,-0.00522180073681904,0.0657626900546134,0.00615355270199592,0.0274931670477923,0.00178788080083655,-0.00252352945194713
"etort-166",0.0797003371253758,0.00622889494636963,-0.00961317840841676,0.0506875332177148,-0.0151230379291302,-0.00811896901607156,-0.00525300898423352,-0.00650761540538309
"etort-167",0.0834752980739836,-0.00505429160464362,0.0184951035843459,0.0469137038318066,0.000684693459420056,0.029219638325818,-0.00261092406053142,0.00499634978293795
"etort-168",0.0736169108791448,-0.00836233781912014,0.0147447558225242,0.0572347180352434,0.0309423937023272,0.051263733421745,-0.0220528905369051,-0.00760240251613977
"etort-169",0.0688527336571861,-0.00740013423799053,-0.00598618631212706,0.0482821879810585,-0.00313394494657101,-0.0112924189545712,-0.0515759066389173,-0.0147197265069361
"etort-170",0.0863979789707828,0.0194967897363298,0.0163716993067499,0.0456887891145312,0.00996361319694362,0.106305023979745,0.00897343743679787,0.0110270453080456
"etort-172",0.0828193339564589,-0.00292027509781573,0.0104832757929885,0.032139139091013,0.0250084380848105,0.0777331630694427,-0.0267262106979672,-0.00311342942425981
"etort-173",0.0722471011330364,0.000909057883535374,0.000400207272009042,0.0936390135459316,0.0283703635549584,0.0716251760408105,-0.00577518388820595,-0.0027163974205766
"etort-174",0.0641947473274736,0.00365159016587625,0.00688440792902804,0.0497453184618075,0.0144547289534893,0.0666523511971153,0.00183989041298333,-0.0149487025752596
"etort-175",0.0765522302043644,-0.00183785238055434,0.00835637726390387,0.0464985382790034,0.0135958120388902,0.117345217346232,-0.000830527013825056,0.0505025908635515
"etort-176",0.0634644727972984,0.00327512318617556,0.00840303226695618,0.0473164804482299,0.0237293523962842,0.0633654781953936,0.0134776039958347,0.0101325875714484
"etort-177",0.068618346740257,-0.0214870461544985,-0.00449120411474622,0.0714501451461152,0.00141308728582876,0.0682683215670169,-0.00246240915511963,0.00348397821604955
"etort-178",0.0892086596644539,0.00644460261551272,0.0144339922558391,0.0734881898878267,0.0212107130456533,0.0849459298007791,0.0286262964636042,-0.00976070728359729
"etort-179",0.0918777749163098,0.00621224200147295,0.020539897268219,0.0836249063397089,0.0205625429867103,0.0754664442009508,0.0241629689268242,-0.0653918441333954
"etort-180",0.0772785479029801,0.00798870381538696,-0.00396565414856481,0.0691819613572987,-0.0021967913606109,0.052417461535471,-0.00676402622912268,-0.0199413728239053
"etort-181",0.0750809121386285,0.00666809254081746,-0.0053887272537708,0.0622819687548108,0.0118765231524875,0.0747659366818761,0.0276736214912767,-0.00234148303335299
"etort-182",0.0895035940443024,0.0139934409238774,0.0148295432700468,0.0441856382566137,0.0338998675572292,0.0881248266912306,0.012777359717539,-0.0058769382325088
"etort-183",0.0704183633476413,-0.0138487404374399,0.0109641768617712,0.0619438724221526,0.00189979655335757,0.0466474342417197,0.011439503550701,0.0216253805658125
"etort-184",0.0832457357731521,-0.00496097780117383,0.0140087539819837,0.0127571082395742,0.0176336506642548,0.0592110891992854,0.00965425030470234,-0.0142312472463661
"etort-185",0.086742406002193,0.00930912009829512,0.00772062120219264,0.0275251053150883,0.0241847108952672,0.089319207239195,-0.0179132464386087,-0.0118371439091408
"etort-186",0.075372309419316,0.00545222444120225,-0.00411521248707328,0.0895737659880645,0.00452740406761964,0.0668227573942286,0.00969199080352755,0.0108997157671087
"etort-187",0.0838462503310149,-0.00087540869474201,0.0110538672804601,0.0921307773015668,0.0279232587363952,0.0418266236550263,0.0260708125564119,-0.0681175474510247
