"pop.density","sigma","refugia.coords.1","refugia.coords.2","refugia.coords.3","refugia.coords.4","refugia.radii","refugia.time","expansion.time","expansion.speed","expansion.width","seed","score","dir"
4.0602e-07,12989.0841,425999.2722,350000,4000001.9153,3899997.5101,50223.392,18132.7799,13618.6207,0.4,49999.5212,501757786,1227234,"./run_351751/iter_429875"
4.0602e-07,12979.0841,425999.2722,350000,4000001.9153,3899997.5101,50223.392,18122.7799,13618.6207,0.4,49999.5212,233926809,1237315,"./run_351751/iter_88990"
4.0602e-07,12989.0841,425999.2722,350000,4000001.9153,3899997.5101,50223.392,18122.7799,13628.6207,0.4,49999.5212,491767592,1255863,"./run_351751/iter_140348"
4.0592e-07,12989.0841,425999.2722,350000,4000001.9153,3899997.5101,50223.392,18122.7799,13618.6207,0.4,49999.5212,46673239,1304697,"./run_351751/iter_27867"
4.0612e-07,12989.0841,425999.2722,350000,4000001.9153,3899997.5101,50223.392,18122.7799,13618.6207,0.4,49999.5212,1524647918,1313976,"./run_351751/iter_493066"
4.0602e-07,12989.0841,425999.2722,350100,4000001.9153,3899997.5101,50223.392,18122.7799,13618.6207,0.4,49999.5212,1123035086,1315291,"./run_351751/iter_467431"
4.0602e-07,12989.0841,426099.2722,350000,4000001.9153,3899997.5101,50223.392,18122.7799,13618.6207,0.4,49999.5212,120013493,1321968,"./run_351751/iter_485420"
4.0602e-07,12989.0841,425999.2722,350000,4000001.9153,3899997.5101,50223.392,18122.7799,13618.6207,0.4,49999.5212,299724450,1343662,"./run_351751/iter_82356"
4.0602e-07,12989.0841,425999.2722,350000,4000001.9153,3899997.5101,50223.392,18122.7799,13618.6207,0.4001,49999.5212,89415344,1358477,"./run_351751/iter_284618"
4.0602e-07,12989.0841,425999.2722,350000,3999001.9153,3899997.5101,50223.392,18122.7799,13618.6207,0.4,49999.5212,970006715,1363321,"./run_351751/iter_170997"
4.0602e-07,12989.0841,425999.2722,350000,4000001.9153,3899997.5101,50223.392,18122.7799,13618.6207,0.4,49999.5212,1397442877,1364356,"./run_351751/iter_579495"
4.0602e-07,12989.0841,425999.2722,350000,4000001.9153,3898997.5101,50223.392,18122.7799,13618.6207,0.4,49999.5212,809911561,1370437,"./run_351751/iter_509494"
3.942e-07,7263.3274,426015.8851,330024.3658,3987707.9117,3923713.5654,66163.6791,14898.3567,11211.3665,0.4681,55450.8851,791031441,1383140,"./run_192210/iter_0026"
4.0602e-07,12999.0841,425999.2722,350000,4000001.9153,3899997.5101,50223.392,18122.7799,13618.6207,0.4,49999.5212,1102966212,1386614,"./run_351751/iter_961867"
4.0602e-07,12989.0841,425999.2722,350000,4000001.9153,3899997.5101,50213.392,18122.7799,13618.6207,0.4,49999.5212,1744067395,1390748,"./run_351751/iter_317028"
4.0602e-07,12989.0841,425999.2722,350000,4000001.9153,3899997.5101,50233.392,18122.7799,13618.6207,0.4,49999.5212,414500027,1422077,"./run_351751/iter_792702"
4.0602e-07,12989.0841,425899.2722,350000,4000001.9153,3899997.5101,50223.392,18122.7799,13618.6207,0.4,49999.5212,1534029261,1423464,"./run_351751/iter_293772"
4.0602e-07,12989.0841,425999.2722,350000,4000001.9153,3899997.5101,50223.392,18122.7799,13608.6207,0.4,49999.5212,1154905960,1449686,"./run_351751/iter_633155"
4.0602e-07,12989.0841,425999.2722,350000,4000001.9153,3899997.5101,50223.392,18122.7799,13618.6207,0.4,50009.5212,1006897870,1466770,"./run_351751/iter_174742"
4.0602e-07,12989.0841,425999.2722,350000,4000001.9153,3899997.5101,50223.392,18112.7799,13618.6207,0.4,49999.5212,1326573602,1471394,"./run_351751/iter_160564"
4.0602e-07,12989.0841,425999.2722,350000,4000001.9153,3900997.5101,50223.392,18122.7799,13618.6207,0.4,49999.5212,845014563,1493581,"./run_351751/iter_843848"
4.0602e-07,12989.0841,425999.2722,350000,4001001.9153,3899997.5101,50223.392,18122.7799,13618.6207,0.4,49999.5212,451156683,1504862,"./run_351751/iter_373033"
4.0602e-07,12989.0841,425999.2722,350000,4000001.9153,3899997.5101,50223.392,18122.7799,13618.6207,0.3999,49999.5212,1763789228,1527258,"./run_351751/iter_297610"
4e-07,10000,426000,350000,3990000,3900000,50000,15200,10800,0.4,50000,1777577565,1546697,"./run_566830/iter_883384"
7.2275e-07,4645.0857,713990.4432,841979.1357,4051702.2579,4179690.9504,30128.1851,8149.3715,5860.7047,0.3581,59186.1729,580884447,1589304,"./run_192210/iter_0081"
5.9185e-07,6072.1881,522007.4045,522007.4045,3827722.0461,3859719.2192,55188.5042,12122.7896,4939.5468,0.4883,133918.9731,1356430993,1609927,"./run_192210/iter_0007"
4.0602e-07,12989.0841,425999.2722,350000,4000001.9153,3899997.5101,50223.392,18122.7799,13618.6207,0.4,49989.5212,304554361,1669333,"./run_351751/iter_661266"
4e-07,10000,426000,350000,4e+06,3900000,50000,15200,10800,0.4,49900,1547125347,1901680,"./run_566830/iter_351042"
4e-07,10000,426000,350000,4e+06,3900000,50000,15210,10800,0.4,50000,1166421623,1986149,"./run_351751/iter_648470"
4e-07,10000,426000,350000,4e+06,3900000,50000,15200,10800,0.4,50000,1712370829,1986149,"./run_566830/iter_931396"
4e-07,10000,426000,350000,4e+06,3900000,50000,15200,10800,0.401,50000,1406454747,2017356,"./run_566830/iter_712408"
4e-07,10010,426000,350000,4e+06,3900000,50000,15200,10800,0.4,50000,440806209,2072324,"./run_351751/iter_213318"
4e-07,10000,426000,350000,4e+06,3899000,50000,15200,10800,0.4,50000,1772401144,2137604,"./run_351751/iter_205950"
4e-07,10000,427000,350000,4e+06,3900000,50000,15200,10800,0.4,50000,1471595890,2137604,"./run_566830/iter_829098"
4e-07,10000,425900,350000,4e+06,3900000,50000,15200,10800,0.4,50000,745277674,2176348,"./run_351751/iter_171743"
4e-07,10000,426000,350000,4e+06,3900000,50000,15200,10810,0.4,50000,324537968,2188813,"./run_351751/iter_556352"
4e-07,10000,426000,350000,4e+06,3900000,50000,15200,10900,0.4,50000,44415638,2250105,"./run_566830/iter_152099"
4.01e-07,10000,426000,350000,4e+06,3900000,50000,15200,10800,0.4,50000,371369177,2288718,"./run_566830/iter_888344"
4e-07,10000,426000,350000,4e+06,3890000,50000,15200,10800,0.4,50000,168797800,2291793,"./run_566830/iter_946272"
4e-07,10000,426000,350000,4e+06,3900000,50000,15200,10800,0.399,50000,776174506,2299134,"./run_566830/iter_866293"
4e-07,10000,426000,350000,4001000,3900000,50000,15200,10800,0.4,50000,1054138265,2325528,"./run_351751/iter_16082"
4e-07,10100,426000,350000,4e+06,3900000,50000,15200,10800,0.4,50000,1173528301,2349720,"./run_566830/iter_115326"
4e-07,10000,426000,350000,4e+06,3900000,50000,15200,10700,0.4,50000,1221768567,2372566,"./run_566830/iter_420133"
4e-07,10000,426000,350000,4e+06,3900000,50000,15100,10800,0.4,50000,1840918908,2372579,"./run_566830/iter_734974"
4.001e-07,10000,426000,350000,4e+06,3900000,50000,15200,10800,0.4,50000,1642242846,2377347,"./run_351751/iter_683684"
4e-07,10000,426000,350000,4e+06,3900000,50100,15200,10800,0.4,50000,1443706407,2379779,"./run_566830/iter_798369"
4e-07,10000,426000,350000,4010000,3900000,50000,15200,10800,0.4,50000,1050435649,2414331,"./run_566830/iter_364181"
4e-07,10000,426000,351000,4e+06,3900000,50000,15200,10800,0.4,50000,459731007,2419228,"./run_566830/iter_608276"
4e-07,10000,426000,350000,4e+06,3900000,49900,15200,10800,0.4,50000,1327305111,2421100,"./run_566830/iter_391917"
4e-07,10000,426100,350000,4e+06,3900000,50000,15200,10800,0.4,50000,1788840793,2437142,"./run_351751/iter_743260"
4e-07,10000,426000,350000,4e+06,3910000,50000,15200,10800,0.4,50000,1517158307,2455022,"./run_566830/iter_73301"
4e-07,10000,426000,350000,4e+06,3900000,50000,15200,10800,0.4,49990,14809079,2458517,"./run_351751/iter_263984"
4e-07,10000,426000,350000,4e+06,3901000,50000,15200,10800,0.4,50000,409216272,2464719,"./run_351751/iter_749861"
3.999e-07,10000,426000,350000,4e+06,3900000,50000,15200,10800,0.4,50000,1562274760,2503166,"./run_351751/iter_896411"
4e-07,10000,426000,350000,4e+06,3900000,50010,15200,10800,0.4,50000,1420076025,2511341,"./run_351751/iter_660782"
4e-07,10000,425000,350000,4e+06,3900000,50000,15200,10800,0.4,50000,1090273184,2511341,"./run_566830/iter_26974"
4e-07,10000,426000,350000,4e+06,3900000,50000,15200,10800,0.4,50000,1497138881,2512187,"./run_351751/iter_526130"
4e-07,9900,426000,350000,4e+06,3900000,50000,15200,10800,0.4,50000,1241387919,2517752,"./run_566830/iter_849940"
3.99e-07,10000,426000,350000,4e+06,3900000,50000,15200,10800,0.4,50000,1603051371,2518229,"./run_566830/iter_461510"
6.6088e-07,5219.5904,394018.712,490010.2314,3987707.9117,4051702.2579,51022.0387,18718.3509,8917.4511,0.5623,121475.2728,973724223,2554445,"./run_843990/iter_0006"
4e-07,10000,426000,350000,4e+06,3900000,49990,15200,10800,0.4,50000,826981188,2557994,"./run_351751/iter_900073"
4e-07,10000,426000,350000,4e+06,3900000,50000,15200,10800,0.3999,50000,911646333,2578228,"./run_351751/iter_560722"
4e-07,10000,426000,350000,3999000,3900000,50000,15200,10800,0.4,50000,1829453524,2588731,"./run_351751/iter_849383"
4e-07,10000,426000,350000,4e+06,3900000,50000,15190,10800,0.4,50000,1386521777,2596546,"./run_351751/iter_152731"
4e-07,10000,426000,350000,4e+06,3900000,50000,15200,10800,0.4,50100,170409642,2672057,"./run_566830/iter_238361"
7.1153e-07,4215.0294,745987.6163,841979.1357,4147693.7773,4147693.7773,65680.1723,6659.9453,8249.6647,0.2454,76950.3605,1087612769,2686461,"./run_192210/iter_0046"
4e-07,9990,426000,350000,4e+06,3900000,50000,15200,10800,0.4,50000,443859681,2696567,"./run_351751/iter_735941"
4e-07,10000,426000,350000,4e+06,3900000,50000,15300,10800,0.4,50000,897134659,2700357,"./run_566830/iter_62379"
4e-07,10000,426000,350100,4e+06,3900000,50000,15200,10800,0.4,50000,1791898516,2746110,"./run_351751/iter_689900"
4e-07,10000,426000,350000,4e+06,3900000,50000,15200,10800,0.4,50000,154546012,2746110,"./run_566830/iter_699597"
4e-07,10000,426000,350000,4e+06,3900000,50000,15200,10790,0.4,50000,1356550368,2777457,"./run_351751/iter_26001"
4.6846e-07,3770.398,490010.2314,586001.7507,4083699.431,4147693.7773,74343.764,17756.8167,6858.5507,0.4997,142074.8845,315800099,2803067,"./run_192210/iter_0078"
4e-07,10000,426000,350000,4e+06,3900000,50000,15200,10800,0.4,50010,164238712,2838922,"./run_351751/iter_675298"
4e-07,10000,426000,350000,4e+06,3900000,50000,15200,10800,0.4,50000,443224614,2876041,"./run_351751/iter_194045"
4e-07,10000,426000,350000,4e+06,3900000,50000,15200,10800,0.4001,50000,1505860935,3037780,"./run_351751/iter_711980"
2.661e-07,4070.9293,554004.5776,394018.712,4115696.6041,4211688.1235,33131.9075,6483.9151,6857.298,0.3105,82111.7334,1231473156,3258470,"./run_192210/iter_0027"
4.1185e-07,15880.7937,426098.5681,350000,4000003.7683,3899995.1013,50439.5067,20950.3453,16345.4201,0.4,49999.0579,1771021543,3671400,"./run_351751/iter_36996"
4.0819e-07,13818.5295,429347.5039,352913.7276,3956867.8204,3882182.1093,50237.2081,19865.6168,15199.9092,0.4057,50617.934,689108706,3700161,"./run_351751/iter_249531"
4e-07,10000,426000,330000,4e+06,3900000,50000,15190,10800,0.4,50000,77751762,3816198,"./run_308323/iter_313115"
4.1175e-07,15880.7937,425998.5681,350000,4000003.7683,3899995.1013,50439.5067,20950.3453,16345.4201,0.4,49999.0579,1275026365,3902886,"./run_351751/iter_762599"
4e-07,10000,426000,330000,4e+06,3900000,50000,15210,10800,0.4,50000,1490911595,3920864,"./run_308323/iter_579894"
4.001e-07,10000,426000,330000,4e+06,3900000,50000,15200,10800,0.4,50000,438251206,3931750,"./run_308323/iter_245370"
4.1185e-07,15880.7937,425998.5681,350000,4001003.7683,3899995.1013,50439.5067,20950.3453,16345.4201,0.4,49999.0579,1520102524,3942642,"./run_351751/iter_261923"
4e-07,10010,426000,330000,4e+06,3900000,50000,15200,10800,0.4,50000,1019714440,3965842,"./run_308323/iter_226774"
4.0819e-07,13818.5295,429347.5039,353013.7276,3956867.8204,3881182.1093,50237.2081,19865.6168,15199.9092,0.4057,50617.934,978996799,3967500,"./run_351751/iter_806601"
4e-07,10000,426000,330000,4e+06,3900000,50000,15200,10800,0.4,49990,985615353,3976331,"./run_308323/iter_560520"
4.0819e-07,13818.5295,429347.5039,353013.7276,3956867.8204,3882182.1093,50237.2081,19865.6168,15199.9092,0.4057,50617.934,1177625151,4024462,"./run_351751/iter_933705"
4.0819e-07,13818.5295,429347.5039,353013.7276,3956867.8204,3882182.1093,50237.2081,19875.6168,15199.9092,0.4057,50617.934,1983307083,4041573,"./run_351751/iter_84169"
4e-07,10000,426000,330000,4e+06,3900000,50000,15200,10800,0.4,50000,765703874,4065431,"./run_all_same/iter_0001"
4e-07,10000,426000,330000,4e+06,3900000,50000,15200,10800,0.4,50000,699819893,4101435,"./run_all_same/iter_0011"
4.0819e-07,13818.5295,429347.5039,353113.7276,3956867.8204,3882182.1093,50237.2081,19865.6168,15199.9092,0.4057,50617.934,814085847,4123259,"./run_351751/iter_904384"
4e-07,10000,426000,330000,4e+06,3900000,50000,15200,10800,0.4,50000,1324293,4160268,"./run_all_same/iter_0004"
4.1185e-07,15880.7937,425998.5681,350000,4000003.7683,3899995.1013,50449.5067,20950.3453,16345.4201,0.4,49999.0579,701849719,4177349,"./run_351751/iter_723473"
4.0819e-07,13818.5295,429347.5039,353013.7276,3956867.8204,3882182.1093,50237.2081,19855.6168,15199.9092,0.4057,50617.934,419352710,4206691,"./run_351751/iter_88412"
4e-07,10000,426000,330000,4e+06,3899000,50000,15200,10800,0.4,50000,909071618,4211790,"./run_308323/iter_870447"
4e-07,10000,426000,330000,4e+06,3900000,50010,15200,10800,0.4,50000,644452603,4221089,"./run_308323/iter_307235"
4e-07,10000,426000,330000,4e+06,3900000,50000,15210,10790,0.4,50000,472765337,4223673,"./run_308323/iter_237772"
4e-07,10000,426000,330000,4e+06,3900000,50000,15200,10800,0.4,50000,699064682,4241750,"./run_all_same/iter_0016"
4e-07,10000,425900,330000,4e+06,3900000,50000,15200,10800,0.4,50000,11156973,4243481,"./run_308323/iter_823169"
4.0819e-07,13818.5295,429347.5039,353013.7276,3956867.8204,3882182.1093,50237.2081,19865.6168,15209.9092,0.4057,50617.934,1875552745,4252154,"./run_351751/iter_265901"
4e-07,10000,426000,330000,4e+06,3900000,50000,15200,10800,0.4,50000,1608789753,4264320,"./run_all_same/iter_0007"
4e-07,10000,426000,330000,4e+06,3900000,50000,15200,10800,0.4,50000,638257583,4280674,"./run_all_same/iter_0002"
4e-07,10000,426000,330000,4e+06,3900000,50000,15200,10800,0.4,50000,1018082920,4297591,"./run_all_same/iter_0006"
4.0819e-07,13818.5295,429447.5039,353013.7276,3956867.8204,3882182.1093,50237.2081,19865.6168,15199.9092,0.4057,50617.934,1963187627,4298489,"./run_351751/iter_206812"
4e-07,10000,426000,330000,4e+06,3900000,50000,15200,10800,0.4,50000,1891479217,4314103,"./run_all_same/iter_0010"
4e-07,10000,426000,330100,4e+06,3900000,50000,15200,10800,0.4,50000,208670644,4314291,"./run_308323/iter_557634"
4e-07,10000,426100,330000,4e+06,3900000,50000,15200,10800,0.4,50000,1972651828,4321363,"./run_308323/iter_96144"
3.999e-07,10000,426000,330000,4e+06,3900000,50000,15200,10800,0.4,50000,1108010326,4325597,"./run_308323/iter_728138"
4e-07,10000,426000,330000,4e+06,3900000,50000,15200,10800,0.4,50000,98110984,4326241,"./run_all_same/iter_0005"
2.9902e-07,5857.5126,362021.5389,426015.8851,3795724.8729,3795724.8729,74326.7199,8285.2741,7807.7002,0.4249,114519.9415,908730997,4330010,"./run_192210/iter_0002"
4e-07,10000,426000,330000,4e+06,3900000,50000,15200,10800,0.4,50000,1670539780,4349101,"./run_all_same/iter_0017"
4e-07,10000,426000,330000,4001000,3900000,50000,15200,10800,0.4,50000,738553158,4352518,"./run_308323/iter_503492"
4e-07,9990,426000,330000,4e+06,3900000,50000,15200,10800,0.4,50000,141597119,4369144,"./run_308323/iter_224777"
4e-07,10000,426000,330000,4e+06,3900000,50000,15200,10800,0.4,50000,119701404,4404205,"./run_all_same/iter_0008"
4e-07,10000,426000,330000,4e+06,3900000,50000,15200,10800,0.4,50000,1341490114,4410186,"./run_all_same/iter_0019"
4e-07,10000,426000,330000,4e+06,3900000,50000,15200,10800,0.4,50000,1439354682,4422417,"./run_all_same/iter_0013"
4e-07,10000,426000,330000,4e+06,3900000,50000,15200,10800,0.4,50000,1179035207,4435625,"./run_all_same/iter_0009"
4e-07,10000,426000,330000,4e+06,3900000,50000,15200,10800,0.4,50000,1363738631,4443245,"./run_all_same/iter_0018"
4e-07,10000,426000,330000,4e+06,3900000,50000,15200,10800,0.4,50000,1680288389,4443680,"./run_all_same/iter_0003"
4e-07,10000,426000,330000,4e+06,3900000,50000,15200,10800,0.4,50000,598542609,4472551,"./run_all_same/iter_0012"
4e-07,10000,426000,330000,4e+06,3900000,50000,15200,10800,0.4,50000,1439398277,4477785,"./run_308323/iter_8172"
4e-07,10000,426000,329900,4e+06,3900000,50000,15200,10800,0.4,50000,1331147011,4480453,"./run_308323/iter_796020"
4e-07,10000,426000,330000,4e+06,3900000,50000,15200,10800,0.4,50010,394857608,4484895,"./run_308323/iter_562909"
4e-07,10000,426000,330000,4e+06,3901000,50000,15200,10800,0.4,50000,809363548,4504384,"./run_308323/iter_773118"
4e-07,10000,426000,330000,4e+06,3900000,50000,15200,10800,0.4,50000,1642867669,4505565,"./run_all_same/iter_0014"
4e-07,10000,426000,330000,4e+06,3900000,50000,15200,10800,0.3999,50000,34035199,4558119,"./run_308323/iter_850266"
4e-07,10000,426000,330000,4e+06,3900000,50000,15200,10800,0.4001,50000,41200015,4569274,"./run_308323/iter_475382"
4e-07,10000,426000,330000,4e+06,3900000,50000,15190,10810,0.4,50000,80322370,4593263,"./run_308323/iter_246180"
5.0918e-07,7162.3809,777984.7894,777984.7894,4051702.2579,4211688.1235,41444.3369,5415.7713,7924.3856,0.3378,120895.8383,285813586,4628560,"./run_192210/iter_0037"
4e-07,10000,426000,330000,4e+06,3900000,50000,15200,10800,0.4,50000,523896332,4668895,"./run_all_same/iter_0015"
4e-07,10000,426000,330000,4e+06,3900000,50000,15200,10800,0.4,50000,265958281,4707356,"./run_all_same/iter_0020"
4e-07,10000,426000,330000,4e+06,3900000,49990,15200,10800,0.4,50000,1539558737,4746542,"./run_308323/iter_113891"
4.0819e-07,13818.5295,429347.5039,353013.7276,3956867.8204,3883182.1093,50237.2081,19865.6168,15199.9092,0.4057,50617.934,1697561241,4782296,"./run_351751/iter_639241"
4.1185e-07,15880.7937,425998.5681,350000,4000003.7683,3900995.1013,50439.5067,20950.3453,16345.4201,0.4,49999.0579,1087138629,4829418,"./run_351751/iter_293334"
4.0829e-07,13818.5295,429347.5039,353013.7276,3956867.8204,3882182.1093,50237.2081,19865.6168,15199.9092,0.4057,50617.934,1351905859,4860687,"./run_351751/iter_734641"
4.1195e-07,15880.7937,425998.5681,350000,4000003.7683,3899995.1013,50439.5067,20950.3453,16345.4201,0.4,49999.0579,1792577048,4928679,"./run_351751/iter_653722"
4.1185e-07,15880.7937,425998.5681,350000,4000003.7683,3899995.1013,50439.5067,20950.3453,16355.4201,0.4,49999.0579,1500090931,4952747,"./run_351751/iter_98158"
4e-07,10000,426000,330000,3999000,3900000,50000,15200,10800,0.4,50000,1620201048,4994103,"./run_308323/iter_778549"
4.0819e-07,13818.5295,429347.5039,353013.7276,3957867.8204,3882182.1093,50237.2081,19865.6168,15199.9092,0.4057,50617.934,1558821485,5022450,"./run_351751/iter_626117"
4.1185e-07,15880.7937,425998.5681,350000,4000003.7683,3898995.1013,50439.5067,20950.3453,16345.4201,0.4,49999.0579,282352510,5143522,"./run_351751/iter_394338"
4.1185e-07,15880.7937,425998.5681,350100,4000003.7683,3899995.1013,50439.5067,20950.3453,16345.4201,0.4,49999.0579,1845895605,5200879,"./run_351751/iter_233222"
4.1185e-07,15880.7937,425998.5681,350000,4000003.7683,3899995.1013,50439.5067,20940.3453,16345.4201,0.4,49999.0579,1110267780,5218690,"./run_351751/iter_126408"
4.1185e-07,15870.7937,425998.5681,350000,4000003.7683,3899995.1013,50439.5067,20950.3453,16345.4201,0.4,49999.0579,1781664229,5221199,"./run_351751/iter_908536"
4.1185e-07,15880.7937,425898.5681,350000,4000003.7683,3899995.1013,50439.5067,20950.3453,16345.4201,0.4,49999.0579,1057836801,5222178,"./run_351751/iter_701711"
4.1185e-07,15890.7937,425998.5681,350000,4000003.7683,3899995.1013,50439.5067,20950.3453,16345.4201,0.4,49999.0579,1784753043,5348628,"./run_351751/iter_626537"
4.0819e-07,13828.5295,429347.5039,353013.7276,3956867.8204,3882182.1093,50237.2081,19865.6168,15199.9092,0.4057,50617.934,612365689,5446169,"./run_351751/iter_78663"
4.0819e-07,13818.5295,429247.5039,353013.7276,3956867.8204,3882182.1093,50237.2081,19865.6168,15199.9092,0.4057,50617.934,773173878,5547343,"./run_351751/iter_28391"
4.1185e-07,15880.7937,425998.5681,350000,3999003.7683,3899995.1013,50439.5067,20950.3453,16345.4201,0.4,49999.0579,1402434306,5598151,"./run_351751/iter_167329"
4.0819e-07,13818.5295,429347.5039,353013.7276,3956867.8204,3882182.1093,50247.2081,19865.6168,15199.9092,0.4057,50617.934,1762871977,5874057,"./run_351751/iter_14307"
4.1185e-07,15880.7937,425998.5681,350000,4000003.7683,3899995.1013,50439.5067,20950.3453,16345.4201,0.4,49999.0579,281806437,5934402,"./run_351751/iter_703152"
4.0819e-07,13818.5295,429347.5039,353013.7276,3956867.8204,3882182.1093,50227.2081,19865.6168,15199.9092,0.4057,50617.934,587575934,6025438,"./run_351751/iter_97608"
4.1185e-07,15880.7937,425998.5681,350000,4000003.7683,3899995.1013,50439.5067,20950.3453,16345.4201,0.4,49989.0579,777065111,6159543,"./run_351751/iter_685726"
4.1185e-07,15880.7937,425998.5681,350000,4000003.7683,3899995.1013,50439.5067,20950.3453,16335.4201,0.4,49999.0579,1898105081,6195372,"./run_351751/iter_93926"
4.8918e-07,10928.9763,554004.5776,809981.9626,3603741.8342,4211688.1235,31584.8793,20047.7653,9013.8042,0.5788,113085.4058,910988988,6248408,"./run_843990/iter_0009"
4.0809e-07,13818.5295,429347.5039,353013.7276,3956867.8204,3882182.1093,50237.2081,19865.6168,15199.9092,0.4057,50617.934,181407772,6354580,"./run_351751/iter_612131"
4.1185e-07,15880.7937,425998.5681,350000,4000003.7683,3899995.1013,50439.5067,20950.3453,16345.4201,0.4001,49999.0579,457726859,6458980,"./run_351751/iter_716588"
4.1185e-07,15880.7937,425998.5681,350000,4000003.7683,3899995.1013,50439.5067,20950.3453,16345.4201,0.4,50009.0579,247790142,6459051,"./run_351751/iter_823013"
4.1185e-07,15880.7937,425998.5681,350000,4000003.7683,3899995.1013,50439.5067,20950.3453,16345.4201,0.3999,49999.0579,725579668,6463434,"./run_351751/iter_73975"
4.5692e-07,7101.0389,522007.4045,522007.4045,4115696.6041,4179690.9504,74515.7455,5040.5284,7213.7802,0.3313,54277.6587,713061845,6487716,"./run_192210/iter_0086"
4.1185e-07,15880.7937,425998.5681,350000,4000003.7683,3899995.1013,50439.5067,20950.3453,16345.4201,0.4,49999.0579,684729479,6676893,"./run_351751/iter_40186"
3.3688e-07,8561.9817,617998.9238,809981.9626,4179690.9504,4115696.6041,74361.9531,145.576,11062.9429,0.2626,127400.8797,1061124266,6728940,"./run_843990/iter_0013"
4.0819e-07,13808.5295,429347.5039,353013.7276,3956867.8204,3882182.1093,50237.2081,19865.6168,15199.9092,0.4057,50617.934,337901534,7470395,"./run_351751/iter_520454"
3.0493e-07,7214.7565,681993.2701,713990.4432,3635739.0073,3731730.5267,44527.4297,17353.4426,8191.1108,0.4823,132663.2381,1260803892,7597402,"./run_192210/iter_0009"
4.1185e-07,15880.7937,425998.5681,350000,4000003.7683,3899995.1013,50429.5067,20950.3453,16345.4201,0.4,49999.0579,1014421362,7811057,"./run_351751/iter_503827"
4.1185e-07,15880.7937,425998.5681,350000,4000003.7683,3899995.1013,50439.5067,20960.3453,16345.4201,0.4,49999.0579,969173183,8610439,"./run_351751/iter_400160"
2.9309e-07,6212.3342,554004.5776,554004.5776,4115696.6041,4083699.431,40996.1843,5329.0242,11234.0892,0.2043,53537.6872,397666981,8642550,"./run_192210/iter_0042"
5.6371e-07,6815.4412,649996.097,841979.1357,4179690.9504,4211688.1235,51256.1114,5792.2062,8106.2579,0.4041,148403.9144,300776928,8669348,"./run_192210/iter_0050"
4.0819e-07,13818.5295,429347.5039,353013.7276,3955867.8204,3882182.1093,50237.2081,19865.6168,15199.9092,0.4057,50617.934,468572274,8699049,"./run_351751/iter_326405"
2.9241e-07,6386.1509,745987.6163,745987.6163,3859719.2192,3827722.0461,27135.3957,7229.0548,8911.0521,0.3684,55818.8752,193664097,9527562,"./run_192210/iter_0074"
4.0399e-07,11969.9287,554004.5776,617998.9238,4115696.6041,4115696.6041,50223.5492,6733.5613,5136.8256,0.4921,78351.6296,126531552,10120088,"./run_843990/iter_0003"
3.8441e-07,4914.0025,586001.7507,586001.7507,4179690.9504,3731730.5267,29588.0895,8469.2629,4408.0048,0.4968,110866.9733,1570007797,10981693,"./run_192210/iter_0029"
9.4551e-07,50038.3159,426016.8279,350000,3999982.8868,3899987.6405,59821.3924,15199.2774,39906.9118,1.0697,49997.6232,1492499990,11168232,"./run_566830/iter_658299"
6.8723e-07,6749.6139,522007.4045,362021.5389,3859719.2192,3987707.9117,40156.8181,19088.9936,7562.9482,0.5687,91199.0655,931826425,11684091,"./run_192210/iter_0016"
9.4551e-07,49938.3159,426016.8279,350000,3999982.8868,3899987.6405,59821.3924,15199.2774,39906.9118,1.0697,49997.6232,283602422,11884308,"./run_566830/iter_839703"
5.3444e-07,6153.8774,681993.2701,617998.9238,3795724.8729,3827722.0461,52806.4814,14500.6876,11830.3768,0.2548,125009.4142,994926501,12726840,"./run_192210/iter_0066"
4.4752e-07,4196.8362,522007.4045,490010.2314,3763727.6998,3923713.5654,33970.4883,14960.2126,9316.2402,0.4266,53700.8346,869296966,14841557,"./run_192210/iter_0032"
4.4964e-07,5880.7031,522007.4045,586001.7507,3923713.5654,3859719.2192,54888.0861,7302.8651,11256.2834,0.4536,119605.1888,550927367,16355311,"./run_192210/iter_0010"
6.4499e-07,6062.2942,458013.0582,490010.2314,3699733.3536,3827722.0461,61245.6134,17578.5727,5853.1062,0.5538,62292.4704,791879741,19668287,"./run_843990/iter_0017"
6.3198e-07,6952.2787,681993.2701,873976.3088,3955710.7385,4051702.2579,68160.583,830.2418,10625.3867,0.429,120428.4945,341418755,23005790,"./run_843990/iter_0018"
4.9614e-07,4557.7122,458013.0582,330024.3658,3891716.3923,4051702.2579,57044.7281,18662.598,4993.5644,0.3672,82200.9139,551963648,24745657,"./run_192210/iter_0079"
9.4451e-07,49938.3159,426016.8279,350000,3999982.8868,3899987.6405,59821.3924,15199.2774,39906.9118,1.0697,49997.6232,1910181947,24955355,"./run_566830/iter_891964"
6.4434e-07,3561.6275,681993.2701,554004.5776,3731730.5267,3667736.1805,64377.1977,9617.1751,9116.2863,0.5232,76523.3478,1200837037,28736394,"./run_192210/iter_0096"
4.153e-07,607.8727,554004.5776,649996.097,4211688.1235,3955710.7385,32223.22,6451.8806,11185.7963,0.3754,71674.1332,848515385,29333698,"./run_748347/iter_0056"
9.4651e-07,49938.3159,426016.8279,350000,3999982.8868,3899987.6405,59821.3924,15199.2774,39906.9118,1.0697,49997.6232,1268112468,30234216,"./run_566830/iter_726904"
7.2337e-07,3143.2183,681993.2701,745987.6163,4083699.431,4051702.2579,54873.3261,14492.141,11341.0143,0.288,78981.0898,925873874,30286746,"./run_192210/iter_0076"
5.5204e-07,4723.4499,426015.8851,490010.2314,3955710.7385,3795724.8729,68881.4914,17487.7107,8521.1648,0.2133,62992.0152,1646151351,43779361,"./run_192210/iter_0021"
5.5015e-07,10897.2545,362021.5389,458013.0582,4179690.9504,3699733.3536,37912.1407,8116.1382,4033.4942,0.3966,141280.8088,623992858,46625546,"./run_843990/iter_0016"
2.5177e-07,3804.6138,394018.712,745987.6163,4211688.1235,3827722.0461,64246.1812,3153.5921,11104.6738,0.4064,122440.4542,958321373,49289577,"./run_192210/iter_0069"
5.5772e-07,481.7873,777984.7894,649996.097,4211688.1235,3987707.9117,52282.123,4423.6715,10713.1662,0.5808,98197.0756,1831331035,49483108,"./run_580117/iter_0031"
6.6732e-07,5272.0093,490010.2314,394018.712,3795724.8729,3859719.2192,27955.5213,5455.9799,9257.4384,0.2265,103390.7588,1372593895,52099741,"./run_192210/iter_0004"
5.6485e-07,6023.1829,745987.6163,617998.9238,4211688.1235,3891716.3923,34994.388,17342.458,7336.5469,0.3185,119083.6514,777429564,53344074,"./run_192210/iter_0023"
3.229e-07,12423.5887,394018.712,841979.1357,3795724.8729,4051702.2579,28893.6583,14736.9147,11018.9848,0.3743,76962.4317,1247488176,57083400,"./run_843990/iter_0014"
3.7688e-07,11874.9862,426015.8851,554004.5776,4083699.431,3795724.8729,71746.2912,4521.0387,6822.8137,0.2426,149897.3343,502411335,57441197,"./run_843990/iter_0015"
5.3794e-07,3458.8497,458013.0582,841979.1357,4211688.1235,4083699.431,41314.9141,5671.3378,9117.1125,0.2808,119622.1263,647389852,67503915,"./run_192210/iter_0028"
7.409e-07,3349.7118,490010.2314,586001.7507,3987707.9117,3859719.2192,39410.7954,12274.8558,4651.3865,0.5443,82491.1356,1162855321,68150714,"./run_192210/iter_0083"
5.4063e-07,739.9323,522007.4045,617998.9238,3987707.9117,4051702.2579,45626.183,3561.1943,10020.196,0.5782,89833.207,1472386777,69089794,"./run_580117/iter_0061"
7.4519e-07,637.207,681993.2701,617998.9238,3987707.9117,3891716.3923,52985.1272,16158.8405,7604.4822,0.2747,110635.9349,1872383499,72014559,"./run_580117/iter_0030"
2.8209e-07,6375.6635,330024.3658,554004.5776,4019705.0848,4083699.431,65108.1883,4053.061,5993.7233,0.5392,80958.7948,1586031493,73770369,"./run_192210/iter_0057"
2.8421e-07,4031.6361,617998.9238,586001.7507,3763727.6998,4211688.1235,51338.1773,10106.9392,4332.0849,0.4916,132052.0255,742357700,74045835,"./run_192210/iter_0077"
4.7894e-07,481.8817,554004.5776,586001.7507,3955710.7385,3987707.9117,62175.8364,6734.0923,11534.9988,0.4768,64298.3088,1540135410,76539743,"./run_748347/iter_0041"
4.2852e-07,5221.1486,554004.5776,809981.9626,4019705.0848,3987707.9117,43744.6018,14132.3703,10284.4539,0.5013,77191.8544,712151074,79576224,"./run_192210/iter_0013"
3.7948e-07,4718.4343,362021.5389,777984.7894,4179690.9504,3795724.8729,62170.1083,10114.2436,4417.7335,0.4077,89998.3627,1125279050,82061209,"./run_192210/iter_0098"
6.8191e-07,741.8226,458013.0582,586001.7507,4083699.431,3923713.5654,66028.4671,9641.3385,6469.5966,0.5576,101583.9909,298592164,82239014,"./run_580117/iter_0051"
5e-07,10000,727229,626639,3803747,3957436,50000,12000,8000,0.4,1e+05,113393752,84516296,"./run_843990/iter_0001"
5.7502e-07,470.5853,649996.097,713990.4432,3923713.5654,3923713.5654,35420.7336,17125.2881,6364.5047,0.3374,141327.938,307187872,96416259,"./run_580117/iter_0068"
7.1236e-07,7225.0502,649996.097,713990.4432,3891716.3923,3667736.1805,56080.7055,16400.0421,7887.337,0.551,136967.9886,1815836839,98647087,"./run_192210/iter_0047"
6.9093e-07,721.9126,681993.2701,649996.097,3859719.2192,3731730.5267,71855.0601,19936.1834,6924.251,0.3958,57062.422,1518492036,103791803,"./run_748347/iter_0032"
2.9654e-07,4895.3608,681993.2701,841979.1357,4147693.7773,4115696.6041,31572.3143,9613.6866,5558.1335,0.5327,121561.5902,1193721102,105536258,"./run_192210/iter_0022"
3.868e-07,631.3795,617998.9238,490010.2314,3923713.5654,3987707.9117,62901.6348,723.8218,11434.9142,0.5759,88832.425,804102460,112450546,"./run_580117/iter_0089"
6.7335e-07,14502.9172,713990.4432,394018.712,4211688.1235,4211688.1235,52701.467,13608.8286,10124.0336,0.4986,67818.1752,657443349,116541570,"./run_843990/iter_0012"
2.6065e-07,706.5907,522007.4045,617998.9238,3635739.0073,3891716.3923,34401.9953,2325.7412,10768.1777,0.3746,78039.2959,1881475301,121211967,"./run_580117/iter_0062"
5.5239e-07,5075.2385,809981.9626,681993.2701,4083699.431,3955710.7385,27984.9374,12157.5656,6294.0553,0.5172,71692.4425,24070636,123855062,"./run_192210/iter_0073"
3.2292e-07,7111.1628,873976.3088,649996.097,4051702.2579,3859719.2192,69527.5574,10029.8259,11363.2852,0.314,131757.2313,1748280215,127300070,"./run_192210/iter_0008"
4.645e-07,6937.418,426015.8851,617998.9238,4115696.6041,4179690.9504,42927.3026,5756.0371,9128.4969,0.524,59284.1263,962617937,127442876,"./run_192210/iter_0052"
5.2002e-07,577.2733,777984.7894,586001.7507,4211688.1235,3859719.2192,59291.5806,2167.2569,8961.1492,0.3851,108127.0353,1566048896,128031032,"./run_748347/iter_0093"
5e-07,5000,727229,626639,3803747,3957436,50000,12000,8000,0.4,1e+05,1940986725,128776005,"./run_192210/iter_0001"
6.161e-07,617.1124,617998.9238,586001.7507,4211688.1235,4019705.0848,44597.4935,18754.4413,10676.7434,0.3568,114648.2051,124195822,134749734,"./run_580117/iter_0059"
4.7767e-07,14976.0262,873976.3088,458013.0582,4019705.0848,4211688.1235,63989.3892,11411.8789,11446.6178,0.2729,118251.2808,309457154,138036112,"./run_843990/iter_0011"
7.4154e-07,4581.4991,809981.9626,458013.0582,4179690.9504,3955710.7385,40687.5805,11755.801,7214.0358,0.3673,140297.8155,763758139,145192999,"./run_192210/iter_0003"
6.9328e-07,703.2549,809981.9626,554004.5776,3955710.7385,3955710.7385,36007.8677,9228.2631,11614.8387,0.4688,144178.7881,1980048125,154999760,"./run_580117/iter_0018"
4.9258e-07,4235.4156,617998.9238,841979.1357,3635739.0073,4115696.6041,67283.8316,595.2004,11498.8289,0.3889,130331.734,1459205410,155711439,"./run_192210/iter_0068"
6.6309e-07,5110.2143,522007.4045,394018.712,3795724.8729,3859719.2192,34462.8047,21603.8128,8154.6652,0.205,90477.9189,648312402,166103987,"./run_192210/iter_0054"
6.8791e-07,660.6087,617998.9238,394018.712,3859719.2192,4211688.1235,42127.0607,14181.5172,9971.0428,0.2573,123794.1521,165112951,171845049,"./run_748347/iter_0027"
6.9732e-07,4829.319,522007.4045,362021.5389,4179690.9504,3987707.9117,64250.0551,7983.3075,6119.5852,0.2131,94312.2807,445907170,172678919,"./run_192210/iter_0045"
2.7116e-07,6608.6316,522007.4045,681993.2701,4115696.6041,3955710.7385,30650.4589,14857.6254,4012.4128,0.4914,137101.4283,1358905645,176636472,"./run_192210/iter_0015"
5.3286e-07,587.9105,649996.097,617998.9238,3859719.2192,3827722.0461,30087.5577,15482.4485,9199.5336,0.2988,87481.7416,442978543,180286451,"./run_748347/iter_0052"
5.8812e-07,4791.5613,617998.9238,841979.1357,3731730.5267,4147693.7773,59155.8143,8841.8251,5929.9402,0.3641,98207.5678,953095282,181330195,"./run_192210/iter_0062"
6.797e-07,6543.9982,522007.4045,745987.6163,3731730.5267,4051702.2579,60162.1289,1951.1085,9259.9376,0.4747,88206.2687,216885820,186646806,"./run_843990/iter_0002"
5.561e-07,561.0921,586001.7507,681993.2701,4115696.6041,3987707.9117,73778.724,16355.8461,8246.5285,0.3385,91714.0546,388505081,197241259,"./run_748347/iter_0063"
2.6947e-07,6811.4997,362021.5389,522007.4045,4147693.7773,3827722.0461,60577.3192,20334.4759,9044.8106,0.5257,114184.9685,107099385,201025168,"./run_192210/iter_0024"
6.4843e-07,350.8184,617998.9238,873976.3088,3923713.5654,4019705.0848,35392.296,13559.4208,6836.4566,0.4446,72304.8124,803300547,205115660,"./run_580117/iter_0066"
6.1843e-07,6560.792,841979.1357,426015.8851,4019705.0848,4147693.7773,43145.9596,15528.1878,5147.0722,0.4504,148743.4746,241279729,206384653,"./run_192210/iter_0020"
6.2217e-07,5368.6155,713990.4432,458013.0582,3955710.7385,4083699.431,61108.0295,14770.6907,4508.9227,0.4212,115703.9836,1865783735,214076567,"./run_192210/iter_0063"
3.323e-07,5963.6787,745987.6163,713990.4432,3667736.1805,4211688.1235,66810.2077,4893.0721,10438.6427,0.5599,106436.0553,78395859,216210603,"./run_192210/iter_0049"
7.3337e-07,5202.213,809981.9626,426015.8851,4179690.9504,4051702.2579,36884.5629,6211.466,11506.2232,0.4551,142256.5955,1523647893,232455531,"./run_192210/iter_0071"
2.5993e-07,317.3725,586001.7507,777984.7894,3859719.2192,4211688.1235,62621.3441,8212.803,7994.6496,0.4843,69894.1116,1500730478,234764891,"./run_748347/iter_0069"
3.433e-07,7286.1398,522007.4045,490010.2314,3763727.6998,4211688.1235,40739.6536,16349.2836,6373.4022,0.4688,54883.4421,649040217,238221458,"./run_192210/iter_0070"
7.0515e-07,2520.4849,330024.3658,394018.712,3923713.5654,4083699.431,69623.5241,6089.7823,7474.1714,0.5952,60943.3805,1096093665,239826163,"./run_192210/iter_0058"
2.6875e-07,681.9594,713990.4432,713990.4432,3827722.0461,3699733.3536,49921.784,5289.4004,9249.265,0.2704,141256.3659,1331666959,242162820,"./run_748347/iter_0015"
6.2844e-07,702.2135,777984.7894,745987.6163,4179690.9504,4083699.431,43652.8172,1080.6207,10235.5179,0.2587,103796.7296,272058349,244112121,"./run_748347/iter_0066"
4.7211e-07,5647.91,713990.4432,681993.2701,4083699.431,3795724.8729,52718.7041,7934.3791,10357.6306,0.515,107989.9223,1898717564,245716850,"./run_192210/iter_0051"
4.2249e-07,6559.7497,522007.4045,330024.3658,3699733.3536,3923713.5654,47515.7609,13001.0719,6667.2665,0.2395,108747.9862,94669807,254424126,"./run_192210/iter_0039"
5.8054e-07,7346.8222,394018.712,617998.9238,4051702.2579,4147693.7773,63377.5817,13817.4248,4270.8317,0.4751,54309.5048,1794740207,259674266,"./run_192210/iter_0055"
4.5075e-07,4994.8169,713990.4432,713990.4432,3955710.7385,3635739.0073,36546.1785,9211.0546,6826.1102,0.5058,124624.7235,1281410282,269773668,"./run_192210/iter_0036"
3.7473e-07,3981.7728,681993.2701,330024.3658,3603741.8342,4051702.2579,43652.2763,9895.5195,6942.7082,0.445,120332.9863,458427885,275951524,"./run_192210/iter_0006"
7.3799e-07,12696.8534,649996.097,841979.1357,3731730.5267,4147693.7773,60524.7893,9779.1621,8246.9949,0.2748,118018.5606,1302268390,278829295,"./run_843990/iter_0010"
7.0071e-07,7226.1327,522007.4045,681993.2701,4051702.2579,4179690.9504,38806.5591,20047.8745,4058.0824,0.2029,102489.4869,1495524553,279106279,"./run_192210/iter_0072"
7.1695e-07,746.3142,394018.712,681993.2701,4211688.1235,3923713.5654,46112.553,22806.9693,5175.5034,0.2027,85816.9745,109653150,286139497,"./run_580117/iter_0100"
6.8075e-07,7616.8625,522007.4045,809981.9626,4211688.1235,4115696.6041,65463.3221,10022.8742,4769.1593,0.3491,95424.14,822440195,286869028,"./run_843990/iter_0005"
4.2633e-07,5602.7822,617998.9238,362021.5389,4147693.7773,3987707.9117,34149.2416,10833.8737,7329.2787,0.5701,55803.786,185623608,292875857,"./run_192210/iter_0088"
3.0122e-07,5602.3488,745987.6163,554004.5776,4019705.0848,3635739.0073,36571.4025,15295.2744,4200.4393,0.3457,73666.59,787479165,298599669,"./run_192210/iter_0031"
4.7093e-07,5306.8195,809981.9626,586001.7507,4083699.431,3667736.1805,61100.3916,9800.0294,6578.1723,0.4937,57408.9782,1726623468,303968014,"./run_192210/iter_0019"
6.381e-07,5054.5946,649996.097,426015.8851,3891716.3923,3987707.9117,72594.6179,11803.4021,9339.2999,0.5514,76079.9592,1986236165,304894038,"./run_192210/iter_0043"
6.1345e-07,551.4492,713990.4432,554004.5776,3987707.9117,4019705.0848,74363.304,16616.8492,11325.9343,0.3593,87521.9175,1669414026,306318861,"./run_580117/iter_0091"
6.4829e-07,6579.27,522007.4045,330024.3658,4115696.6041,3955710.7385,68386.319,13802.5189,4747.4449,0.2424,118926.3238,1760458118,309597684,"./run_192210/iter_0087"
2.8253e-07,4987.7801,777984.7894,554004.5776,3987707.9117,3731730.5267,56041.4739,8595.7316,8298.5435,0.2173,95453.6801,685915179,313810013,"./run_192210/iter_0040"
3.4696e-07,6217.9792,713990.4432,458013.0582,4051702.2579,4083699.431,25083.1811,15609.8423,4591.6663,0.335,116382.7873,886596936,317537509,"./run_192210/iter_0082"
6.2161e-07,6224.7084,809981.9626,586001.7507,4179690.9504,3859719.2192,58118.3717,23178.8475,5382.6747,0.274,88363.5338,1388453863,322741245,"./run_192210/iter_0061"
3.0676e-07,268.7138,586001.7507,554004.5776,4019705.0848,3987707.9117,33100.0985,3829.6429,11280.2367,0.5868,96512.989,59793650,326360781,"./run_580117/iter_0094"
5.6496e-07,732.8005,426015.8851,426015.8851,4147693.7773,4179690.9504,41148.4952,6166.8083,7702.9902,0.4074,55074.7177,1220798432,331958625,"./run_580117/iter_0075"
2.7926e-07,616.3635,490010.2314,458013.0582,4051702.2579,4211688.1235,32504.7878,14961.0252,9439.7156,0.2855,122577.8007,1549727054,335765241,"./run_748347/iter_0055"
5.8165e-07,9282.1851,617998.9238,394018.712,4083699.431,3763727.6998,35506.2035,15025.8487,6404.2771,0.491,107046.1822,1554243038,344426593,"./run_843990/iter_0007"
5.2802e-07,454.0652,426015.8851,458013.0582,3763727.6998,3763727.6998,69279.0537,9120.1616,11646.8377,0.5864,60442.3197,429707258,345323563,"./run_580117/iter_0088"
6.9425e-07,3990.545,745987.6163,617998.9238,3987707.9117,3859719.2192,58667.2441,9438.7024,11812.6588,0.4735,70166.3348,1975459768,350579123,"./run_192210/iter_0044"
7.2846e-07,10287.5659,490010.2314,745987.6163,3795724.8729,3795724.8729,57489.4611,11210.8489,4137.3408,0.3949,52021.5056,104830677,357138172,"./run_843990/iter_0004"
5.4842e-07,11856.2202,809981.9626,394018.712,4147693.7773,3955710.7385,61303.3732,5469.0242,11570.2596,0.3931,96191.3,1612473114,357244654,"./run_843990/iter_0008"
3.0042e-07,681.6165,522007.4045,458013.0582,3891716.3923,4179690.9504,54141.4155,17064.8523,9385.2463,0.233,142446.8564,461874102,364609269,"./run_748347/iter_0023"
4.1656e-07,575.5231,745987.6163,617998.9238,3795724.8729,3859719.2192,62618.2141,7794.0384,7335.5858,0.3567,81922.7718,547241784,365315500,"./run_748347/iter_0082"
3.1682e-07,503.3494,522007.4045,554004.5776,3731730.5267,3923713.5654,60444.0856,15619.7138,7385.228,0.5436,102877.2929,894048569,366787684,"./run_748347/iter_0058"
7.1057e-07,702.6914,841979.1357,458013.0582,3955710.7385,3987707.9117,61293.42,2121.5175,8473.8486,0.225,66906.2327,1424383805,370009253,"./run_748347/iter_0050"
5.4349e-07,6818.4788,586001.7507,554004.5776,3667736.1805,4211688.1235,40108.5061,13463.7042,9708.1605,0.2752,139174.0483,583519126,376405739,"./run_192210/iter_0091"
5.9269e-07,3884.9426,394018.712,617998.9238,4083699.431,3731730.5267,63893.5004,7703.9336,10549.7728,0.5685,92583.1584,1578821607,380187369,"./run_192210/iter_0033"
5.2293e-07,4972.8553,649996.097,490010.2314,3891716.3923,4019705.0848,40962.4833,16661.7475,9699.2634,0.3002,66004.5566,1869983015,382019125,"./run_192210/iter_0018"
2.6546e-07,532.8504,458013.0582,490010.2314,4179690.9504,3955710.7385,46556.9806,17139.5971,11462.2792,0.4281,146718.1706,199761161,382155052,"./run_580117/iter_0087"
6.832e-07,447.7193,522007.4045,554004.5776,3891716.3923,3763727.6998,69543.6288,22398.4061,4030.3877,0.3843,143796.338,534949935,383041274,"./run_580117/iter_0065"
6.0913e-07,655.9698,362021.5389,522007.4045,3891716.3923,3795724.8729,54153.2205,11908.4399,5733.2184,0.5726,91408.6244,1780900009,387262371,"./run_748347/iter_0053"
3.8406e-07,6739.8543,458013.0582,649996.097,3731730.5267,3763727.6998,43284.6486,6507.2057,10103.7485,0.3092,73457.3289,1370604042,391223176,"./run_192210/iter_0060"
4.9645e-07,639.239,554004.5776,745987.6163,4179690.9504,4019705.0848,45849.1704,1318.5595,10583.4972,0.3736,58161.4585,1547593286,392087386,"./run_748347/iter_0075"
4.9506e-07,708.7174,554004.5776,490010.2314,4115696.6041,4211688.1235,36952.4111,21615.372,6387.5116,0.505,57821.8584,983186938,394603029,"./run_580117/iter_0096"
5.8555e-07,7295.465,522007.4045,649996.097,3987707.9117,3699733.3536,53687.4394,12325.9074,6524.1887,0.227,118748.7093,1955071483,398627255,"./run_192210/iter_0085"
5.6899e-07,680.0975,745987.6163,554004.5776,3667736.1805,3763727.6998,46775.6398,10649.0228,9856.1451,0.5031,63014.1636,427033022,414596003,"./run_580117/iter_0077"
5.5339e-07,4993.5166,681993.2701,554004.5776,4083699.431,4019705.0848,27299.1193,5075.7822,6336.8907,0.4848,79930.4735,466544463,418466732,"./run_192210/iter_0100"
7.0144e-07,3976.9458,649996.097,522007.4045,3891716.3923,3891716.3923,60961.5194,12922.4242,10431.9761,0.5662,70822.2585,877934437,419471570,"./run_192210/iter_0048"
7.4935e-07,5821.0708,394018.712,649996.097,3763727.6998,4115696.6041,65737.762,7844.0409,9778.1866,0.4118,131840.4059,1330900831,425173998,"./run_192210/iter_0025"
5.3977e-07,742.605,458013.0582,617998.9238,3699733.3536,4051702.2579,43640.4289,9527.9913,4097.6291,0.5564,91636.1433,1141245272,432619536,"./run_748347/iter_0097"
4.4126e-07,565.5044,554004.5776,394018.712,3859719.2192,3795724.8729,70910.7239,15497.2132,6593.8977,0.2108,86898.4124,1514969580,459215307,"./run_748347/iter_0077"
4.2921e-07,660.3946,649996.097,681993.2701,4019705.0848,3635739.0073,58586.0078,5468.696,8419.551,0.3727,116219.9561,1405420475,460855850,"./run_748347/iter_0029"
4.1308e-07,412.1043,554004.5776,713990.4432,4211688.1235,3827722.0461,63362.6705,3840.076,7164.3661,0.515,121673.9798,1233208617,463467586,"./run_748347/iter_0031"
4.6355e-07,7387.5892,649996.097,777984.7894,3667736.1805,3795724.8729,61485.7438,21597.6933,5101.6774,0.5351,78159.6258,421096193,465841014,"./run_192210/iter_0084"
5.3275e-07,648.9633,681993.2701,458013.0582,3731730.5267,4115696.6041,60100.154,8293.0609,4612.5141,0.4213,144473.5586,586292543,475275173,"./run_580117/iter_0041"
5.2786e-07,640.0851,394018.712,586001.7507,3923713.5654,3891716.3923,52321.3936,13847.64,10692.3647,0.3055,84509.6933,4911433,478820489,"./run_748347/iter_0062"
2.6921e-07,444.9113,809981.9626,681993.2701,4051702.2579,4115696.6041,72721.9151,15475.3933,11980.13,0.2314,148218.543,1053526335,479020456,"./run_748347/iter_0011"
6.0103e-07,711.6972,394018.712,617998.9238,4211688.1235,4211688.1235,35148.5289,2295.8148,8410.4984,0.3282,129055.2574,1099341735,485240938,"./run_580117/iter_0013"
5.1077e-07,2702.928,394018.712,777984.7894,3859719.2192,4051702.2579,35943.201,13684.8027,5783.4268,0.4259,144125.1534,33891912,492782849,"./run_192210/iter_0099"
2.5542e-07,397.0856,554004.5776,713990.4432,4211688.1235,3891716.3923,41001.9353,3755.139,7603.872,0.42,75261.644,1947318630,494086817,"./run_748347/iter_0034"
4.6358e-07,614.0671,681993.2701,777984.7894,3891716.3923,4179690.9504,65927.4661,17924.3883,4824.7842,0.3799,72302.5746,851676126,501518249,"./run_580117/iter_0082"
3.6934e-07,6705.3337,649996.097,458013.0582,3667736.1805,3987707.9117,39432.4927,9896.8738,10436.353,0.3443,124322.2342,477754124,501720591,"./run_192210/iter_0056"
3.4192e-07,3204.1803,649996.097,586001.7507,3603741.8342,3955710.7385,60149.5465,19617.8051,5739.8115,0.3773,69844.0977,364900628,504075319,"./run_192210/iter_0090"
5.198e-07,634.3629,522007.4045,617998.9238,3667736.1805,3603741.8342,49760.9647,15572.3111,9073.044,0.5009,70026.1688,6103238,508401749,"./run_748347/iter_0012"
4.7465e-07,627.4057,617998.9238,713990.4432,3635739.0073,3827722.0461,59192.5556,18387.1883,9837.4013,0.4323,105337.8023,629869891,516859439,"./run_580117/iter_0045"
7.0027e-07,3424.4626,745987.6163,522007.4045,3859719.2192,3795724.8729,44977.6846,9824.0406,10824.3655,0.2944,81530.5912,1677920890,517717890,"./run_192210/iter_0064"
3.1958e-07,689.2639,681993.2701,362021.5389,3827722.0461,3987707.9117,42783.9899,11261.7853,5380.5073,0.3149,123657.0315,1281594062,519518695,"./run_748347/iter_0065"
5.2806e-07,420.0758,617998.9238,362021.5389,4083699.431,4211688.1235,58404.794,8379.58,6062.7507,0.5834,122600.5211,1420854011,524750187,"./run_580117/iter_0079"
4.3279e-07,702.4972,649996.097,426015.8851,4179690.9504,3891716.3923,70338.3931,6139.2695,4573.3197,0.3786,95960.3035,1841970881,526515445,"./run_748347/iter_0099"
4.5282e-07,4008.721,713990.4432,745987.6163,3987707.9117,3731730.5267,60962.1808,12177.5222,8588.2688,0.3983,143491.3492,545571414,532330921,"./run_192210/iter_0030"
4.4242e-07,3331.158,458013.0582,681993.2701,3955710.7385,4179690.9504,62930.0169,5506.8098,9562.6466,0.3329,64503.8377,1203609223,532803671,"./run_192210/iter_0034"
6.4002e-07,10600.479,681993.2701,490010.2314,4115696.6041,3763727.6998,39578.3576,9822.814,9276.5568,0.5055,133649.1348,718277007,542017448,"./run_843990/iter_0020"
3.9767e-07,463.2808,617998.9238,617998.9238,3667736.1805,3763727.6998,49236.428,9305.7745,7673.8208,0.5572,77721.5455,362030919,560076645,"./run_748347/iter_0073"
7.2615e-07,351.7043,713990.4432,617998.9238,3763727.6998,3859719.2192,69996.7054,17202.0087,6950.1863,0.5683,54060.6478,265272036,560878793,"./run_748347/iter_0022"
2.7788e-07,596.9743,617998.9238,649996.097,4019705.0848,4211688.1235,30928.0664,11032.4121,11959.8245,0.2159,116626.9248,1510136589,565600910,"./run_580117/iter_0054"
5.1603e-07,4598.0906,649996.097,522007.4045,3763727.6998,4115696.6041,69186.5511,13804.7594,8706.8857,0.2572,125354.8243,1182627376,584446506,"./run_192210/iter_0065"
6.1247e-07,3269.2264,554004.5776,649996.097,3827722.0461,4019705.0848,45407.3255,17283.1656,10925.0178,0.4787,118375.6546,885369320,589568448,"./run_192210/iter_0014"
5.8136e-07,4690.8369,649996.097,394018.712,4211688.1235,3923713.5654,33218.3555,21177.7966,8680.3047,0.2634,114046.1212,238782788,604507198,"./run_192210/iter_0092"
7.0934e-07,376.6366,617998.9238,490010.2314,4083699.431,4083699.431,65560.2644,21127.9768,6157.164,0.4642,135945.8004,1140774209,607779477,"./run_748347/iter_0046"
3.2484e-07,541.7648,394018.712,777984.7894,3859719.2192,4211688.1235,53356.0649,10137.2834,8230.7326,0.3311,112526.1791,1499753633,614038977,"./run_748347/iter_0096"
6.3596e-07,3506.7804,394018.712,777984.7894,3923713.5654,4019705.0848,28057.5018,2109.4457,11733.5666,0.3663,111935.2345,1968873588,617204493,"./run_192210/iter_0067"
3.7362e-07,580.8636,841979.1357,362021.5389,4115696.6041,4019705.0848,54412.4108,8763.6082,4063.3145,0.3142,103406.3666,1622528495,617292474,"./run_580117/iter_0040"
7.1351e-07,662.6522,713990.4432,713990.4432,3955710.7385,4083699.431,27619.6135,16354.9377,9984.758,0.5736,60583.3456,1891778545,629324516,"./run_748347/iter_0081"
4.228e-07,4779.572,554004.5776,745987.6163,3635739.0073,3667736.1805,47605.5478,14508.0638,7429.8003,0.4222,58686.9135,1284100850,631762711,"./run_192210/iter_0038"
7.0094e-07,565.623,681993.2701,649996.097,4211688.1235,4211688.1235,50415.4844,11737.7081,11003.3195,0.5268,107346.4535,1228738146,637056747,"./run_580117/iter_0024"
2.6238e-07,609.7567,745987.6163,617998.9238,4083699.431,4115696.6041,54865.6962,13252.3418,7767.065,0.4732,104215.7125,1840268550,655098780,"./run_748347/iter_0003"
2.5608e-07,528.0559,490010.2314,426015.8851,4211688.1235,3859719.2192,32466.3276,9512.707,8507.92,0.5424,103607.2442,1815531755,661781679,"./run_580117/iter_0090"
7.05e-07,731.8134,458013.0582,617998.9238,3795724.8729,3795724.8729,61062.448,6141.8362,9442.6986,0.2892,114524.9462,1301407366,665703854,"./run_748347/iter_0025"
6.7196e-07,396.5847,681993.2701,394018.712,3987707.9117,4147693.7773,38671.6938,13269.968,8345.6531,0.2991,74246.8166,429252999,667058445,"./run_580117/iter_0007"
5.323e-07,660.1872,586001.7507,362021.5389,3955710.7385,3987707.9117,37526.2015,12776.2297,10262.9835,0.3096,138010.9217,496729344,668031527,"./run_748347/iter_0009"
5.8666e-07,567.2922,458013.0582,681993.2701,4083699.431,3891716.3923,66467.2823,8969.9582,6699.0766,0.2036,145262.6871,1602405146,669270570,"./run_580117/iter_0084"
7.3535e-07,689.692,394018.712,490010.2314,3795724.8729,4147693.7773,42732.7687,860.4052,11315.8986,0.2563,55874.187,439235292,686161950,"./run_748347/iter_0007"
5.0089e-07,742.0639,362021.5389,873976.3088,3955710.7385,4051702.2579,33128.7752,10478.6303,7369.3423,0.3453,78485.3835,1406724040,699129804,"./run_580117/iter_0080"
5.9869e-07,534.5313,586001.7507,713990.4432,3635739.0073,4051702.2579,54775.4586,8401.0755,5387.654,0.3572,128128.1095,1716370312,740598809,"./run_748347/iter_0048"
2.6187e-07,700.0866,458013.0582,681993.2701,4051702.2579,4083699.431,46793.5253,6488.5106,10324.9844,0.5771,100108.7411,1716010490,747834609,"./run_580117/iter_0072"
5.9524e-07,739.146,649996.097,681993.2701,4051702.2579,3763727.6998,55797.4512,10905.7799,7323.6575,0.5333,59711.4795,934232381,748771340,"./run_748347/iter_0070"
4.2934e-07,4588.8794,681993.2701,362021.5389,3635739.0073,3987707.9117,46591.07,19847.2955,9377.1644,0.4092,144777.8945,1957955663,766093201,"./run_192210/iter_0075"
3.0971e-07,583.9412,649996.097,713990.4432,4179690.9504,3699733.3536,50219.7766,11465.6067,5423.5988,0.5635,81753.6664,1193585771,771763745,"./run_580117/iter_0035"
5.8936e-07,531.0936,649996.097,362021.5389,4083699.431,3891716.3923,33758.0371,7812.0041,4505.2393,0.2914,89277.7786,565598475,778714602,"./run_580117/iter_0092"
4.379e-07,4991.1981,809981.9626,554004.5776,3987707.9117,3859719.2192,73950.8505,19283.46,4074.2282,0.2053,80831.9248,899599378,780264030,"./run_192210/iter_0097"
4.9346e-07,400.7556,362021.5389,394018.712,3891716.3923,3763727.6998,74095.1426,14029.9631,11700.5276,0.3252,89432.7459,89697337,787252964,"./run_580117/iter_0050"
4.4967e-07,3531.7465,586001.7507,426015.8851,3603741.8342,4019705.0848,49076.187,18052.491,8333.6393,0.5993,57614.9105,1176615213,789898219,"./run_192210/iter_0080"
6.7723e-07,728.1836,777984.7894,426015.8851,4115696.6041,3827722.0461,50657.0311,3755.6044,10197.1354,0.5879,137435.9613,600599501,790953012,"./run_580117/iter_0069"
3.6613e-07,564.8973,490010.2314,394018.712,4211688.1235,3795724.8729,56009.0223,10503.2849,9385.8682,0.4092,78504.3136,510987661,811186325,"./run_580117/iter_0086"
6.5408e-07,687.7392,362021.5389,522007.4045,4115696.6041,4147693.7773,70287.2889,16176.889,9928.1757,0.273,72307.3592,213627891,817265782,"./run_580117/iter_0026"
3.5812e-07,722.4204,394018.712,617998.9238,3795724.8729,4147693.7773,34254.4937,5791.7347,11030.6744,0.3762,103644.8973,1151894770,824389601,"./run_748347/iter_0061"
3.747e-07,710.0294,649996.097,394018.712,3699733.3536,4115696.6041,35235.4475,14244.731,7633.2867,0.4944,133358.3858,1148407972,829683982,"./run_580117/iter_0038"
3.7334e-07,2856.7308,586001.7507,681993.2701,3891716.3923,4051702.2579,44876.6682,18423.6237,4628.9337,0.2925,76495.923,1396157511,833879927,"./run_192210/iter_0035"
5.6756e-07,740.2093,649996.097,586001.7507,4115696.6041,4147693.7773,27085.3349,5534.8714,5831.7432,0.453,141721.6587,1060480119,834284827,"./run_748347/iter_0067"
2.7968e-07,601.8419,586001.7507,713990.4432,3667736.1805,3827722.0461,27971.816,9663.2754,7130.2769,0.5263,146276.2937,1966149849,851502299,"./run_748347/iter_0019"
3.0715e-07,375.9335,809981.9626,649996.097,4083699.431,4147693.7773,39443.6879,5432.3898,5511.6298,0.2678,104218.791,357986194,854548262,"./run_748347/iter_0094"
3.8288e-07,331.8164,649996.097,554004.5776,3987707.9117,4115696.6041,44854.373,14350.642,8892.1502,0.3195,58511.4133,1121416740,878037898,"./run_580117/iter_0071"
6.9144e-07,749.6894,458013.0582,841979.1357,3987707.9117,3955710.7385,49105.2394,16772.2792,5089.3995,0.4616,75172.211,570940998,881405676,"./run_748347/iter_0091"
2.7231e-07,649.7018,681993.2701,681993.2701,4083699.431,3763727.6998,50812.5801,8801.7701,8181.774,0.3821,145274.4065,1889752953,909703814,"./run_580117/iter_0056"
6.162e-07,2662.465,745987.6163,841979.1357,3795724.8729,4147693.7773,54146.4103,17554.3111,7991.2371,0.5086,136554.0646,803546756,920795609,"./run_192210/iter_0041"
5.8753e-07,401.9676,681993.2701,809981.9626,4211688.1235,4019705.0848,73549.7352,12644.8715,7140.5874,0.4912,61143.0977,1149941490,926064780,"./run_580117/iter_0015"
7.1589e-07,509.5033,777984.7894,586001.7507,3987707.9117,3987707.9117,63606.1603,10349.1571,6954.1525,0.4077,103672.399,464339515,934093701,"./run_748347/iter_0083"
5e-07,500,727229,626639,3803747,3957436,50000,12000,8000,0.4,1e+05,842407497,959356793,"./run_748347/iter_0001"
2.7966e-07,606.2906,394018.712,777984.7894,4211688.1235,4147693.7773,42094.5564,14664.6064,10071.9717,0.2616,72031.1473,370260825,961997815,"./run_580117/iter_0048"
5e-07,500,727229,626639,3803747,3957436,50000,12000,8000,0.4,1e+05,460936090,981835035,"./run_580117/iter_0001"
3.6883e-07,14779.8652,713990.4432,681993.2701,3731730.5267,4115696.6041,61515.5395,24218.8595,4987.1127,0.3763,82504.8293,72689501,988784295,"./run_843990/iter_0019"
4.6648e-07,2873.1439,745987.6163,777984.7894,3635739.0073,3795724.8729,68998.7152,20492.1673,6999.5687,0.2833,76788.766,722289608,1014378182,"./run_192210/iter_0017"
5.3335e-07,5149.5272,681993.2701,362021.5389,3827722.0461,3891716.3923,25447.7453,9268.0468,7474.4857,0.5536,50757.095,1175882113,1026072409,"./run_192210/iter_0011"
7.24e-07,3129.4404,681993.2701,841979.1357,3795724.8729,3987707.9117,60643.3903,21107.4409,8498.1827,0.5999,132304.602,328106565,1045961019,"./run_192210/iter_0005"
4.7022e-07,461.076,681993.2701,362021.5389,4179690.9504,4147693.7773,46325.6344,1945.5,9755.0576,0.2266,105358.9556,479796286,1055283359,"./run_580117/iter_0027"
5.5013e-07,6277.1219,649996.097,458013.0582,4019705.0848,3795724.8729,62782.6635,21469.0823,5566.605,0.5629,145708.857,719272680,1058212908,"./run_192210/iter_0093"
3.1183e-07,336.2703,458013.0582,649996.097,4019705.0848,3795724.8729,40005.0573,7050.9542,8997.4602,0.4924,132561.0213,267247134,1066130508,"./run_748347/iter_0054"
6.7129e-07,570.2616,394018.712,809981.9626,4211688.1235,4211688.1235,32340.8226,7540.7136,11963.6006,0.5716,72197.5328,1517460346,1067061312,"./run_748347/iter_0016"
6.7018e-07,543.0806,809981.9626,458013.0582,4019705.0848,3859719.2192,36999.1065,6699.2035,9135.3545,0.3146,103105.3699,1222656421,1071573434,"./run_580117/iter_0098"
7.3275e-07,685.637,745987.6163,873976.3088,3667736.1805,4019705.0848,70921.7811,8137.9514,5138.1133,0.3936,90035.401,1839285751,1084029133,"./run_580117/iter_0099"
4.4437e-07,437.3411,458013.0582,394018.712,4019705.0848,3795724.8729,49335.7769,14706.9245,7157.7984,0.4986,114423.8498,955535508,1085209854,"./run_580117/iter_0070"
5.7259e-07,627.2658,394018.712,586001.7507,3955710.7385,4147693.7773,72174.4329,11704.5095,10380.5256,0.5509,68752.6763,786924066,1093504111,"./run_580117/iter_0009"
5.2547e-07,417.5829,554004.5776,681993.2701,3891716.3923,3795724.8729,49009.5184,18750.3546,8968.1132,0.593,59016.1344,160153067,1104872899,"./run_748347/iter_0051"
3.7992e-07,685.1126,522007.4045,681993.2701,3731730.5267,3731730.5267,55708.3211,7768.1156,7525.9339,0.3205,99544.1893,1923394686,1104946487,"./run_748347/iter_0080"
6.7513e-07,435.9708,745987.6163,586001.7507,3987707.9117,3955710.7385,50016.5754,15045.9406,10995.0119,0.2047,60186.2638,822275842,1142554461,"./run_580117/iter_0006"
3.5973e-07,3327.6935,586001.7507,554004.5776,3827722.0461,3955710.7385,29361.1971,15894.9311,8854.9502,0.2383,57975.2066,873290041,1163082052,"./run_192210/iter_0012"
6.5681e-07,740.9852,362021.5389,458013.0582,3923713.5654,4211688.1235,31989.2456,9857.4188,4564.7236,0.5685,51017.9077,1917059529,1194184783,"./run_748347/iter_0085"
7.1302e-07,320.0315,745987.6163,745987.6163,3827722.0461,4211688.1235,44853.2603,9536.5381,6375.6594,0.4606,142482.2541,199307562,1197187318,"./run_580117/iter_0044"
5.1788e-07,562.0665,490010.2314,458013.0582,3699733.3536,3795724.8729,37731.8588,14345.9745,8083.2851,0.2164,64543.0447,874048444,1202903660,"./run_748347/iter_0005"
7.0559e-07,626.8893,681993.2701,745987.6163,3667736.1805,3987707.9117,50186.4066,9261.0084,7814.0145,0.4393,97223.158,86276388,1229486876,"./run_580117/iter_0073"
6.2497e-07,359.6259,426015.8851,777984.7894,4051702.2579,4051702.2579,39106.6499,1128.9488,10795.1404,0.3501,79952.1336,750611700,1231485448,"./run_580117/iter_0093"
2.7621e-07,598.9727,586001.7507,554004.5776,4115696.6041,3891716.3923,62299.8672,11897.7378,8494.9225,0.3355,68483.9908,1194713203,1236382040,"./run_580117/iter_0049"
7.224e-07,5362.1704,554004.5776,649996.097,3699733.3536,4179690.9504,62738.2736,19351.0552,9331.0716,0.3663,67884.3903,848221018,1241892347,"./run_192210/iter_0089"
5.0822e-07,418.9951,745987.6163,426015.8851,3987707.9117,4115696.6041,71891.6539,6298.8354,10158.3623,0.4205,77714.6903,854710920,1246688543,"./run_580117/iter_0033"
6.6632e-07,601.5717,554004.5776,586001.7507,3795724.8729,3731730.5267,30056.9793,18642.9535,5855.7571,0.4578,96354.4446,334456564,1248034794,"./run_748347/iter_0064"
3.9181e-07,288.917,362021.5389,713990.4432,4147693.7773,3987707.9117,57451.6531,15316.9521,6330.5842,0.2846,109363.838,1767916642,1252490330,"./run_748347/iter_0047"
3.0661e-07,559.3401,554004.5776,426015.8851,4051702.2579,3955710.7385,58229.1675,3052.3991,8201.0769,0.5343,91802.3614,930733099,1264904520,"./run_748347/iter_0002"
6.3478e-07,407.6935,745987.6163,617998.9238,4019705.0848,4211688.1235,29964.3917,16134.7225,9728.8515,0.4045,79124.6384,513202867,1267762060,"./run_580117/iter_0002"
5.3295e-07,524.837,490010.2314,777984.7894,3827722.0461,3987707.9117,48394.0899,8637.6417,9345.2652,0.2434,129316.1534,711724428,1275948464,"./run_580117/iter_0037"
5.5545e-07,682.5363,394018.712,586001.7507,3923713.5654,4115696.6041,62870.9177,3988.3667,10722.4001,0.4071,84309.9276,448271288,1280802839,"./run_580117/iter_0016"
4.0056e-07,389.5561,681993.2701,394018.712,3731730.5267,3827722.0461,58681.3717,2322.4445,10826.7347,0.2834,96297.9355,1626922982,1291078020,"./run_748347/iter_0076"
4.8664e-07,500.2103,617998.9238,617998.9238,3635739.0073,4179690.9504,40783.7771,10123.5483,7878.5513,0.577,111770.931,1723781158,1318549022,"./run_580117/iter_0010"
3.4593e-07,665.7929,490010.2314,777984.7894,3891716.3923,4051702.2579,39825.344,21931.5706,4028.1184,0.2344,106695.5675,1458790775,1333297647,"./run_580117/iter_0058"
3.1969e-07,730.9347,586001.7507,681993.2701,3859719.2192,3731730.5267,33615.4472,16330.0664,6053.6933,0.2076,123307.4707,1107211815,1337454160,"./run_580117/iter_0064"
6.2136e-07,537.8571,490010.2314,745987.6163,3923713.5654,4051702.2579,67058.3271,14097.7957,4299.3903,0.2435,138685.1831,1637082304,1343577759,"./run_580117/iter_0074"
7.1611e-07,467.6676,617998.9238,841979.1357,3859719.2192,4019705.0848,60125.0788,18993.5648,4419.9433,0.4811,120092.9766,770852187,1356910534,"./run_748347/iter_0024"
7.0964e-07,564.7514,809981.9626,681993.2701,4147693.7773,3699733.3536,43625.2628,5072.516,10162.6168,0.5689,130526.8196,802199959,1364359063,"./run_748347/iter_0092"
4.7051e-07,567.7994,490010.2314,586001.7507,3731730.5267,4019705.0848,39919.8578,10509.8231,10755.1481,0.4338,147708.4955,1582746231,1370682339,"./run_748347/iter_0039"
5.4834e-07,577.0667,809981.9626,681993.2701,4179690.9504,3699733.3536,32945.34,11323.5283,7933.564,0.5001,78378.6212,1368968464,1372006250,"./run_748347/iter_0100"
6.7268e-07,455.1517,394018.712,713990.4432,4211688.1235,3699733.3536,51971.8388,17573.0787,5291.7109,0.523,94671.5829,674783373,1408477442,"./run_580117/iter_0025"
5.9553e-07,287.9653,554004.5776,809981.9626,3699733.3536,4083699.431,58989.7,7233.6904,5647.0888,0.2009,104343.3711,843465141,1424447038,"./run_748347/iter_0020"
4.3958e-07,676.2178,458013.0582,681993.2701,4019705.0848,4115696.6041,37010.2046,17455.8333,8971.0694,0.5003,102197.9347,362995845,1439666841,"./run_580117/iter_0060"
4.9771e-07,432.1439,809981.9626,809981.9626,4083699.431,3955710.7385,55242.8747,12797.6009,9144.1887,0.2798,125820.1993,1736138240,1441383082,"./run_748347/iter_0036"
4.5181e-07,2617.9047,649996.097,554004.5776,3859719.2192,4083699.431,30054.1969,23332.4034,4687.9866,0.2928,113693.3543,661403255,1455247157,"./run_192210/iter_0094"
3.414e-07,305.4355,522007.4045,809981.9626,4147693.7773,4147693.7773,34221.2797,5378.4309,8976.9122,0.4697,136944.682,1073495878,1477199563,"./run_580117/iter_0085"
5.6163e-07,378.1084,554004.5776,681993.2701,3731730.5267,4211688.1235,41006.2404,3728.1467,9493.0141,0.5721,86339.0103,1148091128,1497795779,"./run_748347/iter_0035"
3.2185e-07,349.5315,554004.5776,841979.1357,3763727.6998,4019705.0848,52975.0571,6125.721,9402.3833,0.4358,66140.5095,1242284419,1499072248,"./run_580117/iter_0029"
5.4318e-07,402.4669,426015.8851,490010.2314,3763727.6998,3731730.5267,58111.8212,8755.2365,7147.7883,0.282,140638.9333,919121052,1514469245,"./run_580117/iter_0078"
5.2108e-07,3726.7913,522007.4045,649996.097,3955710.7385,3795724.8729,26620.3117,10238.874,11341.8998,0.2066,126072.0142,1102875861,1524800825,"./run_192210/iter_0059"
5.3342e-07,7160.2161,649996.097,713990.4432,3923713.5654,3667736.1805,29266.1011,13146.9428,11398.1319,0.3556,118096.0649,694926092,1535646227,"./run_192210/iter_0053"
6.2584e-07,425.6282,745987.6163,745987.6163,3667736.1805,3859719.2192,51624.7011,20852.8423,7508.2606,0.5257,99966.801,298495932,1556735410,"./run_748347/iter_0044"
5.9637e-07,573.07,490010.2314,426015.8851,4051702.2579,3859719.2192,47678.1597,15959.5166,6650.5124,0.3182,102403.141,857229154,1557889796,"./run_748347/iter_0049"
2.6745e-07,694.4091,713990.4432,809981.9626,3827722.0461,4083699.431,65115.7946,20147.4736,6416.7326,0.3664,116107.6296,62729187,1575184263,"./run_580117/iter_0008"
4.2039e-07,3599.9866,745987.6163,458013.0582,4051702.2579,3795724.8729,71120.9347,18022.7955,10837.0774,0.5753,110023.6963,274787239,1576811855,"./run_192210/iter_0095"
6.8663e-07,305.485,809981.9626,426015.8851,4019705.0848,3891716.3923,41798.9095,2176.8367,8230.1044,0.474,121206.5567,681087876,1596980862,"./run_580117/iter_0039"
4.8778e-07,281.1608,490010.2314,681993.2701,4083699.431,4115696.6041,33590.7929,5337.4736,8253.1068,0.5633,124969.8411,543036777,1598931399,"./run_580117/iter_0036"
7.3137e-07,364.2985,681993.2701,522007.4045,4083699.431,4115696.6041,40241.2699,12627.7435,5595.0863,0.2003,69147.7522,640373113,1606999368,"./run_748347/iter_0030"
3.9597e-07,391.7309,809981.9626,713990.4432,4115696.6041,4147693.7773,47514.0874,8253.0417,5133.4385,0.5528,90610.0281,36002313,1610785279,"./run_748347/iter_0021"
3.6622e-07,729.407,522007.4045,681993.2701,4019705.0848,3667736.1805,36558.5491,21971.0375,7506.8313,0.2776,140019.0591,1150610534,1621870969,"./run_580117/iter_0032"
7.4791e-07,608.5829,522007.4045,745987.6163,3891716.3923,4115696.6041,38399.7511,10815.8488,11003.8077,0.2833,132571.6961,194711998,1624810103,"./run_580117/iter_0003"
2.8124e-07,503.2203,330024.3658,554004.5776,4051702.2579,4179690.9504,66926.6796,12000.1292,7806.7002,0.2199,63471.3741,1022915252,1667469074,"./run_580117/iter_0022"
5.2738e-07,723.3523,649996.097,362021.5389,3635739.0073,4115696.6041,25525.8654,15088.3194,9919.8062,0.5326,98964.9162,320469146,1675006076,"./run_748347/iter_0026"
7.2004e-07,692.8037,554004.5776,777984.7894,3795724.8729,3795724.8729,58820.4445,9253.0264,10969.4287,0.2142,90423.9241,698531648,1683101780,"./run_580117/iter_0083"
6.1142e-07,681.603,713990.4432,777984.7894,3955710.7385,3795724.8729,31212.7948,10505.3041,6092.5238,0.2681,56648.4672,988845914,1758447943,"./run_748347/iter_0057"
3.2648e-07,495.2681,554004.5776,490010.2314,3763727.6998,4051702.2579,52459.231,18238.0637,9762.5702,0.3353,89403.6435,1734687753,1759713311,"./run_580117/iter_0043"
5.8595e-07,447.4928,841979.1357,873976.3088,4211688.1235,4051702.2579,46067.7395,23819.1998,4691.7959,0.4054,99389.501,1608566829,1762401238,"./run_748347/iter_0087"
5.3927e-07,564.4436,490010.2314,681993.2701,3923713.5654,4115696.6041,48814.0701,4280.087,10512.5898,0.3639,93745.9116,860570993,1765814398,"./run_748347/iter_0038"
5.0111e-07,375.6305,554004.5776,394018.712,4051702.2579,3859719.2192,63179.9511,8277.5394,8768.4844,0.43,98359.6593,837250069,1769601049,"./run_580117/iter_0019"
4.1248e-07,577.4816,841979.1357,649996.097,3987707.9117,3635739.0073,74783.2058,18637.1737,7705.843,0.5256,106258.6545,570982444,1784265304,"./run_748347/iter_0074"
4.0044e-07,391.3788,649996.097,649996.097,4083699.431,3891716.3923,45309.3857,11622.5241,9518.4422,0.2147,72771.4103,919247169,1808337771,"./run_748347/iter_0059"
4.8956e-07,557.3982,490010.2314,586001.7507,3891716.3923,4019705.0848,39757.864,19895.5508,5334.8776,0.42,143410.719,1452934991,1812452676,"./run_748347/iter_0068"
2.829e-07,394.281,426015.8851,713990.4432,3731730.5267,3955710.7385,31828.4211,15906.8997,10303.8302,0.324,120901.1864,952131351,1815626414,"./run_748347/iter_0017"
6.8873e-07,285.9798,522007.4045,362021.5389,3795724.8729,3859719.2192,43468.4216,10398.6548,6064.7492,0.5452,83151.9558,1444905549,1822078753,"./run_748347/iter_0028"
4.2512e-07,304.9949,777984.7894,617998.9238,4179690.9504,3635739.0073,46745.1682,4026.2479,11165.1291,0.3178,92372.8966,1096732177,1871985075,"./run_748347/iter_0014"
6.823e-07,535.5419,617998.9238,522007.4045,3699733.3536,3635739.0073,73128.8756,6024.5081,5537.484,0.3784,66927.9515,1984627755,1874445388,"./run_748347/iter_0088"
2.8023e-07,374.1164,841979.1357,426015.8851,4179690.9504,4147693.7773,47285.3409,19039.6597,5845.0317,0.4299,123649.37,1768526176,1884934603,"./run_748347/iter_0043"
6.7249e-07,509.8214,458013.0582,841979.1357,4083699.431,4083699.431,51059.9937,15969.9083,7339.2673,0.4483,74796.5808,1179528451,1931771073,"./run_748347/iter_0018"
3.3988e-07,476.1671,713990.4432,745987.6163,3923713.5654,3987707.9117,27815.8464,15443.2459,8281.1422,0.2865,87131.9572,206070436,1937233649,"./run_748347/iter_0095"
6.5308e-07,590.618,841979.1357,330024.3658,3987707.9117,3923713.5654,64719.9101,17353.6111,5471.691,0.3271,90662.9254,1645749222,1945572056,"./run_580117/iter_0057"
4.2935e-07,407.1152,586001.7507,426015.8851,3667736.1805,3923713.5654,71925.8274,11887.5995,10740.0093,0.3865,87534.3458,1253385793,1968681802,"./run_748347/iter_0042"
2.6192e-07,272.2451,426015.8851,522007.4045,3987707.9117,4179690.9504,64860.5869,5673.5732,11750.5728,0.3692,95883.5273,685678293,1992836346,"./run_580117/iter_0042"
4.3213e-07,320.2509,394018.712,490010.2314,3923713.5654,4115696.6041,70207.7379,9363.438,5902.7109,0.3375,94900.3709,112565292,2001011132,"./run_748347/iter_0033"
6.9107e-07,669.6513,745987.6163,745987.6163,3667736.1805,4115696.6041,38527.5558,23696.5017,5861.4743,0.2256,123269.4589,84738472,2004462978,"./run_748347/iter_0090"
5.8366e-07,311.3927,426015.8851,490010.2314,3795724.8729,4147693.7773,38351.0103,7502.09,6014.5555,0.4424,66749.4449,299903674,2024492567,"./run_580117/iter_0046"
4.9312e-07,394.8167,586001.7507,649996.097,4115696.6041,4147693.7773,28412.8974,16099.5423,10595.54,0.5207,135240.1091,989244472,2039488278,"./run_748347/iter_0098"
2.7288e-07,281.7901,745987.6163,490010.2314,3667736.1805,3987707.9117,59628.2069,16414.6894,9873.3951,0.4279,97038.1713,1735979122,2071976582,"./run_580117/iter_0097"
7.0307e-07,476.3856,586001.7507,809981.9626,3955710.7385,4083699.431,31152.8809,7444.8633,9446.0602,0.5551,111666.3957,324411088,2073718432,"./run_748347/iter_0071"
2.8238e-07,530.085,873976.3088,617998.9238,4019705.0848,3603741.8342,26316.8339,15047.9141,7164.9234,0.4859,97441.5632,1484818607,2075840177,"./run_748347/iter_0008"
3.9837e-07,459.8744,617998.9238,649996.097,3859719.2192,4147693.7773,71520.8755,16678.8108,6456.2749,0.5553,136590.5241,1414028010,2092064197,"./run_580117/iter_0011"
4.742e-07,459.0535,554004.5776,649996.097,3763727.6998,4051702.2579,63526.6215,14115.7335,9220.7812,0.5497,137141.2088,341175037,2114740425,"./run_580117/iter_0081"
3.7298e-07,468.8223,426015.8851,330024.3658,3891716.3923,3923713.5654,27847.8945,15270.0562,4860.1756,0.2199,55877.1693,1364168368,2149877441,"./run_580117/iter_0028"
6.0162e-07,709.4796,713990.4432,713990.4432,3635739.0073,4083699.431,38044.379,22569.0817,6995.3454,0.3431,51293.7458,544247505,2169865222,"./run_580117/iter_0004"
6.2703e-07,519.9175,458013.0582,681993.2701,3795724.8729,4083699.431,71026.4061,17219.7619,11041.0378,0.4705,50595.2378,206904636,2187551203,"./run_580117/iter_0076"
3.2784e-07,505.0247,394018.712,841979.1357,4051702.2579,4051702.2579,70543.8567,16029.202,9430.8093,0.5945,61138.5601,249247303,2249549480,"./run_580117/iter_0020"
7.1409e-07,636.2447,617998.9238,554004.5776,3635739.0073,3667736.1805,53684.0381,19381.2098,4065.2365,0.2326,55027.0178,85431179,2252495844,"./run_580117/iter_0005"
3.015e-07,486.0382,426015.8851,745987.6163,4051702.2579,4083699.431,59415.9044,13702.2129,10596.2355,0.4434,146205.7558,1356225194,2263777081,"./run_748347/iter_0086"
5.9153e-07,330.1687,394018.712,649996.097,3923713.5654,3891716.3923,58078.2496,9064.739,7751.2345,0.2583,127287.3864,760893951,2320520035,"./run_580117/iter_0067"
6.5509e-07,664.4392,617998.9238,554004.5776,4019705.0848,3731730.5267,45457.6465,22389.1843,5208.3352,0.5104,77580.5108,961195726,2335351081,"./run_748347/iter_0079"
5.8761e-07,322.6414,586001.7507,713990.4432,4019705.0848,3827722.0461,34526.602,5533.4303,8826.8929,0.4584,109242.6307,1511124258,2348364688,"./run_748347/iter_0040"
5.9771e-07,348.3589,681993.2701,713990.4432,3635739.0073,3827722.0461,68271.4075,13692.0088,6068.0028,0.261,113946.3227,1437680515,2410400512,"./run_748347/iter_0006"
6.4228e-07,285.6808,330024.3658,586001.7507,3987707.9117,3667736.1805,39662.0866,10843.937,6439.4336,0.3175,72868.3175,196267005,2417245593,"./run_580117/iter_0014"
6.5598e-07,375.5341,777984.7894,522007.4045,4147693.7773,3699733.3536,73406.087,7023.0128,6638.5556,0.2883,94607.465,1701441158,2562768663,"./run_580117/iter_0034"
5.3039e-07,291.7668,809981.9626,649996.097,4179690.9504,4211688.1235,51332.4961,6211.9121,8491.8774,0.2302,78405.6154,318104164,2593928837,"./run_580117/iter_0052"
5.0643e-07,525.5738,681993.2701,522007.4045,4115696.6041,3987707.9117,25227.4927,10068.313,10268.4012,0.3977,100411.965,645847154,2770065320,"./run_748347/iter_0072"
7.4303e-07,372.5744,617998.9238,809981.9626,3763727.6998,4083699.431,29668.995,3313.3617,8986.7348,0.2116,90323.6666,1395940428,2784892712,"./run_580117/iter_0053"
2.5096e-07,264.294,458013.0582,394018.712,3731730.5267,3923713.5654,31671.9992,2072.5977,8463.4687,0.3925,148147.3017,545078734,2788448086,"./run_748347/iter_0089"
5.1553e-07,319.7648,777984.7894,394018.712,4019705.0848,4019705.0848,40786.4543,18137.488,9581.0811,0.5103,75318.4343,656787193,2812803615,"./run_748347/iter_0084"
7.343e-07,406.043,713990.4432,362021.5389,3667736.1805,3987707.9117,45390.5748,13020.6383,10721.6262,0.4336,56837.259,864013353,2864139708,"./run_580117/iter_0063"
4.2941e-07,267.7466,713990.4432,394018.712,4115696.6041,3891716.3923,63421.7973,9388.2367,10606.6831,0.2812,132230.2053,971259900,2874186832,"./run_580117/iter_0023"
3.4788e-07,370.5061,458013.0582,554004.5776,3763727.6998,3603741.8342,65954.971,19487.5822,10323.4497,0.2397,111656.3374,1507412599,2917679606,"./run_748347/iter_0010"
5.8276e-07,369.2866,362021.5389,617998.9238,3827722.0461,3763727.6998,53396.5567,15022.2852,4667.6681,0.3674,66142.6411,1785061804,2931772170,"./run_748347/iter_0037"
4.5987e-07,281.7819,809981.9626,490010.2314,4051702.2579,3955710.7385,64028.5251,15514.7108,11197.5951,0.5584,90503.2079,361214427,2939137901,"./run_580117/iter_0095"
4.0276e-07,282.1957,426015.8851,681993.2701,3763727.6998,4115696.6041,33431.5744,14484.5382,6300.8356,0.2309,60906.8841,36940937,2949391203,"./run_748347/iter_0078"
6.1744e-07,322.3519,586001.7507,713990.4432,3795724.8729,4211688.1235,33569.8957,20394.4267,8883.2834,0.346,101320.7196,1918988918,3244766792,"./run_580117/iter_0012"
3.6695e-07,255.6341,586001.7507,777984.7894,3923713.5654,4083699.431,72493.7932,11018.8892,10951.8536,0.2316,143954.6834,944839574,3304667983,"./run_748347/iter_0045"
6.7154e-07,386.5392,617998.9238,649996.097,3635739.0073,3699733.3536,43283.8587,8687.1421,10998.3699,0.2833,141509.9334,1352512756,3369905475,"./run_748347/iter_0013"
5.9868e-07,528.5481,649996.097,586001.7507,3731730.5267,3955710.7385,25046.5012,9849.92,11538.1102,0.3959,122865.7035,814111112,3545367769,"./run_580117/iter_0047"
3.1599e-07,334.1646,490010.2314,681993.2701,4019705.0848,3731730.5267,74639.9606,19510.7169,10477.7982,0.3249,122231.6888,202520028,3748280488,"./run_580117/iter_0055"
6.0505e-07,294.2204,745987.6163,362021.5389,3635739.0073,3859719.2192,53943.2238,21520.8604,5785.8274,0.2355,139987.2974,1428371201,3796519667,"./run_748347/iter_0060"
6.8016e-07,402.3068,649996.097,649996.097,4083699.431,3795724.8729,72062.2386,24153.7888,4269.0226,0.4756,64544.0379,617431717,4092634386,"./run_580117/iter_0021"
6.6164e-07,255.1239,713990.4432,713990.4432,3827722.0461,4115696.6041,27835.3927,2383.0424,10265.8334,0.2098,141231.0581,64469119,4541345697,"./run_748347/iter_0004"
